Date,Screen Name,Full Name,Tweet Text,Tweet ID,Link(s),Media,Location,Retweets,Favorites,App,Followers,Follows,Listed,Verfied,User Since,Location,Bio,Website,Timezone,Profile Image
01/06/2022 13:12,@GobIzcalli,Gobierno Municipal de Cuautitl√°n Izcalli,"Recuerda que durante el ejercicio fiscal presente OPERAGUA ofrece el 100% de condonaci√≥n en multas y recargos a usuarios dom√©sticos y no dom√©sticos que acudan a regularizarse. #SomosFuturo RT @OperaguaIzcalli: ¬°Atenci√≥n usuarios! üôåüèª En apoyo a tu econom√≠a, OPERAGUA te ofrece el 100% de condonaci√≥n en multas y recargos a usuarios dom√©sticos y no dom√©sticos, que lleven a cabo la regularizaci√≥n de sus adeudos durante el ejercicio fiscal del presente a√±o. Aprovecha las bonificaciones que",1532062598878834688,https://twitter.com/operaguaizcalli/status/1531021370771095552,https://pbs.twimg.com/media/FT9H0iEX0AEmUCK.jpg,,0,0,Twitter for iPhone,7239,34,29,,23/10/2020,,Twitter oficial | Ayuntamiento de Cuautitl√°n Izcalli | 2022-2024. https://cuautitlanizcalli.gob.mx/wp-content/uploads/pdf/003_COMUNICACION-SOCIAL.pdf,,,View
01/06/2022 12:37,@GobIzcalli,Gobierno Municipal de Cuautitl√°n Izcalli,"La Direcci√≥n de Servicios P√∫blicos repar√≥ 6 luminarias a la altura de las avenidas Hidalgo y del Canal, en el pueblo de San Mart√≠n Tepetlixpan. #SomosFuturo",1532053834004144132,,https://pbs.twimg.com/media/FULy1uFWIAAJb8Z.jpg,,0,1,Twitter for iPhone,7239,34,29,,23/10/2020,,Twitter oficial | Ayuntamiento de Cuautitl√°n Izcalli | 2022-2024. https://cuautitlanizcalli.gob.mx/wp-content/uploads/pdf/003_COMUNICACION-SOCIAL.pdf,,,View
01/06/2022 11:06,@GobIzcalli,Gobierno Municipal de Cuautitl√°n Izcalli,Asiste este 3 de junio a la Jornada de Justicia Itinerante que llevaremos a cabo en el Deportivo Infonavit Centro y disfruta de los servicios gratuitos de la Direcci√≥n Jur√≠dica. ¬°Te esperamos!,1532030909452800000,,https://pbs.twimg.com/media/FULd_aCXoAA3P-D.jpg,,0,0,Twitter for iPhone,7238,34,29,,23/10/2020,,Twitter oficial | Ayuntamiento de Cuautitl√°n Izcalli | 2022-2024. https://cuautitlanizcalli.gob.mx/wp-content/uploads/pdf/003_COMUNICACION-SOCIAL.pdf,,,View
31/05/2022 18:16,@GobIzcalli,Gobierno Municipal de Cuautitl√°n Izcalli,"Impulsemos juntos el talento izcallense. Acomp√°√±anos en la mega pantalla para apoyar a nuestros peque√±os grandes finalistas de La Voz Kids, en punto de las 19:30 h. ¬°Te esperamos! #SomosFuturo",1531776627797118977,,https://pbs.twimg.com/media/FUH2uROVIAA_9EF.jpg,,0,0,Twitter for iPhone,7236,35,29,,23/10/2020,,Twitter oficial | Ayuntamiento de Cuautitl√°n Izcalli | 2022-2024. https://cuautitlanizcalli.gob.mx/wp-content/uploads/pdf/003_COMUNICACION-SOCIAL.pdf,,,View
31/05/2022 16:49,@GobIzcalli,Gobierno Municipal de Cuautitl√°n Izcalli,"Este 1 de junio, ac√©rcate a las actividades que realizaremos en distintas colonias del municipio: Jornada de Salud, Unidad M√≥vil, Torneo Rel√°mpago, Cine Nocturno, y m√°s. (1/2)",1531754709509623808,,https://pbs.twimg.com/media/FUHiySEVIAAp9Ua.jpg,,0,1,Twitter for iPhone,7236,35,29,,23/10/2020,,Twitter oficial | Ayuntamiento de Cuautitl√°n Izcalli | 2022-2024. https://cuautitlanizcalli.gob.mx/wp-content/uploads/pdf/003_COMUNICACION-SOCIAL.pdf,,,View
31/05/2022 16:06,@GobIzcalli,Gobierno Municipal de Cuautitl√°n Izcalli,"Comprometidos en embellecer nuestro #Izcalli, cuadrillas de la Direcci√≥n de Servicios P√∫blicos realiz√≥ poda y recolecci√≥n de residuos s√≥lidos en el Parque Espejo de los Lirios y Cofrad√≠a II. #SomosFuturo",1531743839819599872,,https://pbs.twimg.com/media/FUHY5veUAAE8ONC.jpg,,1,1,Twitter for iPhone,7235,35,29,,23/10/2020,,Twitter oficial | Ayuntamiento de Cuautitl√°n Izcalli | 2022-2024. https://cuautitlanizcalli.gob.mx/wp-content/uploads/pdf/003_COMUNICACION-SOCIAL.pdf,,,View
31/05/2022 15:11,@GobIzcalli,Gobierno Municipal de Cuautitl√°n Izcalli,"La Presidenta Municipal, Karla Fiesco, dio la Bienvenida al Gobernador, @alfredodelmazo para la entrega de las tarjetas del Salario Rosa. Seguiremos formando alianzas con autoridades Estatales para beneficio de la ciudadan√≠a izcallense. #SomosFuturo",1531730029578801153,,https://pbs.twimg.com/media/FUHMV0KUcAAPJ8X.jpg,,0,1,Twitter for iPhone,7234,35,29,,23/10/2020,,Twitter oficial | Ayuntamiento de Cuautitl√°n Izcalli | 2022-2024. https://cuautitlanizcalli.gob.mx/wp-content/uploads/pdf/003_COMUNICACION-SOCIAL.pdf,,,View
31/05/2022 14:18,@GobIzcalli,Gobierno Municipal de Cuautitl√°n Izcalli,"A fin de mejorar nuestras √°reas verdes, personal de Servicios P√∫blicos realiz√≥ pinta de muros, bancas y trabajos de herrer√≠a en las calles Bosques de Casta√±os y Cedros, parque de Lomas del Bosque. #SomosFuturo",1531716844750618625,,https://pbs.twimg.com/media/FUHAWaqWYAAJxIA.jpg,,0,0,Twitter for iPhone,7232,35,29,,23/10/2020,,Twitter oficial | Ayuntamiento de Cuautitl√°n Izcalli | 2022-2024. https://cuautitlanizcalli.gob.mx/wp-content/uploads/pdf/003_COMUNICACION-SOCIAL.pdf,,,View
31/05/2022 13:45,@GobIzcalli,Gobierno Municipal de Cuautitl√°n Izcalli,"Enviamos nuestra m√°s sincera felicitaci√≥n a @pizcalli y a todas y todos sus colaboradores, por motivo a su 25¬∞ Aniversario. Deseamos contin√∫en ejerciendo la noble labor de comunicar, por muchos a√±os m√°s. ¬°Muchas felicidades! #SomosFuturo",1531708407006253068,,https://pbs.twimg.com/media/FUG4rVQWYAYZ4U3.jpg,,0,1,Twitter for iPhone,7232,35,29,,23/10/2020,,Twitter oficial | Ayuntamiento de Cuautitl√°n Izcalli | 2022-2024. https://cuautitlanizcalli.gob.mx/wp-content/uploads/pdf/003_COMUNICACION-SOCIAL.pdf,,,View
31/05/2022 13:21,@GobIzcalli,Gobierno Municipal de Cuautitl√°n Izcalli,Cuadrillas de la Direcci√≥n de Servicios P√∫blicos realiz√≥ trabajos de bacheo en la calle R√≠o Acaponeta en la colonia Colinas del Lago. Queremos que las y los izcallenses tengan vialidades dignas. #SomosFuturo,1531702364746436608,,https://pbs.twimg.com/media/FUGzLlEX0AQqdjS.jpg,,0,0,Twitter for iPhone,7232,35,29,,23/10/2020,,Twitter oficial | Ayuntamiento de Cuautitl√°n Izcalli | 2022-2024. https://cuautitlanizcalli.gob.mx/wp-content/uploads/pdf/003_COMUNICACION-SOCIAL.pdf,,,View
31/05/2022 12:12,@GobIzcalli,Gobierno Municipal de Cuautitl√°n Izcalli,"Recibimos a nuestras vecinas izcallenses en el taller de ""Empoderamiento"", el cual tiene el objetivo de brindar herramientas para su progreso personal y profesional. #SomosFuturo",1531685099732979719,,pic.twitter.com/1VOhIJm2VG,,0,0,Twitter for iPhone,7230,35,29,,23/10/2020,,Twitter oficial | Ayuntamiento de Cuautitl√°n Izcalli | 2022-2024. https://cuautitlanizcalli.gob.mx/wp-content/uploads/pdf/003_COMUNICACION-SOCIAL.pdf,,,View
31/05/2022 10:57,@GobIzcalli,Gobierno Municipal de Cuautitl√°n Izcalli,Conoce los Talleres que ofrecemos a trav√©s del Departamento de Cultura en el √Ågora CEIS. #SomosFuturo,1531666134382043138,,https://pbs.twimg.com/media/FUGSOqmXsAA5dtU.jpg,,0,0,Twitter for iPhone,7230,35,29,,23/10/2020,,Twitter oficial | Ayuntamiento de Cuautitl√°n Izcalli | 2022-2024. https://cuautitlanizcalli.gob.mx/wp-content/uploads/pdf/003_COMUNICACION-SOCIAL.pdf,,,View
31/05/2022 10:02,@GobIzcalli,Gobierno Municipal de Cuautitl√°n Izcalli,"Te invitamos al Taller de Reflexi√≥n para Hombres que, a partir de este 1 de junio, se impartir√° todos los mi√©rcoles en los CDC ""Leona Vicario"" y ""Hermila Galindo"". Comun√≠cate al 55 1113 0705 para mayor informaci√≥n. #SomosFuturo",1531652329669263360,,https://pbs.twimg.com/media/FUGFrNwWQAM2JDR.jpg,,0,1,Twitter for iPhone,7230,35,29,,23/10/2020,,Twitter oficial | Ayuntamiento de Cuautitl√°n Izcalli | 2022-2024. https://cuautitlanizcalli.gob.mx/wp-content/uploads/pdf/003_COMUNICACION-SOCIAL.pdf,,,View
31/05/2022 09:52,@GobIzcalli,Gobierno Municipal de Cuautitl√°n Izcalli,"Cada 31 de mayo conmemoramos el D√≠a Mundial sin Tabaco, a fin de concientizar sobre los riesgos que genera al medio ambiente, as√≠ como los da√±os que provoca al ser humano. Cuida tu salud y libremos a nuestro planeta del humo del cigarro. #SomosFuturo",1531649784150376448,,https://pbs.twimg.com/media/FUGDXAUXsAMey5q.jpg,,1,2,Twitter for iPhone,7230,35,29,,23/10/2020,,Twitter oficial | Ayuntamiento de Cuautitl√°n Izcalli | 2022-2024. https://cuautitlanizcalli.gob.mx/wp-content/uploads/pdf/003_COMUNICACION-SOCIAL.pdf,,,View
30/05/2022 23:26,@GobIzcalli,Gobierno Municipal de Cuautitl√°n Izcalli,"El talento izcallense est√° presente en todas partes. Felicitamos a los finalistas de @LaVozTvAzteca , Habana Zoe y Leonardo Gabriel, quienes siguen poniendo en alto el nombre de #Cuautitl√°nIzcalli. ¬°Muchas felicidades! #TalentoIzcallense #SomosFuturo",1531492219189972993,,https://pbs.twimg.com/media/FUD0DU8WAAEMEVs.jpg,,1,3,Twitter for iPhone,7231,35,29,,23/10/2020,,Twitter oficial | Ayuntamiento de Cuautitl√°n Izcalli | 2022-2024. https://cuautitlanizcalli.gob.mx/wp-content/uploads/pdf/003_COMUNICACION-SOCIAL.pdf,,,View
30/05/2022 22:51,@GobIzcalli,Gobierno Municipal de Cuautitl√°n Izcalli,"El talento izcallense est√° presente en todas partes. Felicitamos a los finalistas de @LaVozTvAzteca , Habana Zoe y Leonardo Gabriel, quienes gracias a su esfuerzo siguen triunfando. ¬°Muchas felicidades! #TalentoIzcallense #SomosFuturo",1531483603955331073,,https://pbs.twimg.com/media/FUDsN69XoAEoQsz.jpg,,1,2,Twitter for iPhone,7231,35,29,,23/10/2020,,Twitter oficial | Ayuntamiento de Cuautitl√°n Izcalli | 2022-2024. https://cuautitlanizcalli.gob.mx/wp-content/uploads/pdf/003_COMUNICACION-SOCIAL.pdf,,,View
30/05/2022 21:08,@GobIzcalli,Gobierno Municipal de Cuautitl√°n Izcalli,"El Jard√≠n del Arte fue recinto para el primer d√≠a de capacitaci√≥n a COPACI y Autoridades Auxiliares por el periodo 2022-2025, ponencia ofrecida por la Mtra. Patricia Villa Medina. #SomosFuturo.",1531457642924752897,,https://pbs.twimg.com/media/FUDUm5HUEAAdDQP.jpg,,0,0,Twitter for iPhone,7231,34,29,,23/10/2020,,Twitter oficial | Ayuntamiento de Cuautitl√°n Izcalli | 2022-2024. https://cuautitlanizcalli.gob.mx/wp-content/uploads/pdf/003_COMUNICACION-SOCIAL.pdf,,,View
30/05/2022 19:36,@GobIzcalli,Gobierno Municipal de Cuautitl√°n Izcalli,"Labores de reparaci√≥n de luminarias, poda, clareado y balizado en La Quebrada. Cuadrillas de Operagua, trabajaron en una fuga localizada en calle 3. Brindando a las y los izcallenses espacios #ConM√°sSeguridad.",1531434322737221632,,https://pbs.twimg.com/media/FUC_ZWzVsAAh4F3.jpg,,0,1,Twitter for iPhone,7231,34,29,,23/10/2020,,Twitter oficial | Ayuntamiento de Cuautitl√°n Izcalli | 2022-2024. https://cuautitlanizcalli.gob.mx/wp-content/uploads/pdf/003_COMUNICACION-SOCIAL.pdf,,,View
30/05/2022 18:50,@GobIzcalli,Gobierno Municipal de Cuautitl√°n Izcalli,"La Presidenta Municipal, Karla Fiesco, acompa√±ada de autoridades Estatales, supervis√≥ los trabajos de remodelaci√≥n y rehabilitaci√≥n del Estadio Hugo S√°nchez. #SomosFuturo",1531422951102459904,,https://pbs.twimg.com/media/FUC1DeXVsAA5rFO.jpg,,0,1,Twitter for iPhone,7231,34,29,,23/10/2020,,Twitter oficial | Ayuntamiento de Cuautitl√°n Izcalli | 2022-2024. https://cuautitlanizcalli.gob.mx/wp-content/uploads/pdf/003_COMUNICACION-SOCIAL.pdf,,,View
30/05/2022 16:59,@GobIzcalli,Gobierno Municipal de Cuautitl√°n Izcalli,Aqu√≠ les compartimos algunas recomendaciones en caso de ser v√≠ctimas de extorsi√≥n. Denuncia al 800 702 87 70. #SomosFuturo,1531394984879980544,,https://pbs.twimg.com/media/FUCbnw9WUAIuygA.jpg,,2,3,Twitter for iPhone,7231,34,29,,23/10/2020,,Twitter oficial | Ayuntamiento de Cuautitl√°n Izcalli | 2022-2024. https://cuautitlanizcalli.gob.mx/wp-content/uploads/pdf/003_COMUNICACION-SOCIAL.pdf,,,View
30/05/2022 16:56,@GobIzcalli,Gobierno Municipal de Cuautitl√°n Izcalli,Seguimos trabajando por un Izcalli #ConM√°sSeguridad. Conoce las actividades que se llevar√°n a cabo este martes 31 de mayo. #SomosFuturo.,1531394020932476929,,https://pbs.twimg.com/media/FUCavoiWYAAWU7a.jpg,,0,0,Twitter for iPhone,7231,34,29,,23/10/2020,,Twitter oficial | Ayuntamiento de Cuautitl√°n Izcalli | 2022-2024. https://cuautitlanizcalli.gob.mx/wp-content/uploads/pdf/003_COMUNICACION-SOCIAL.pdf,,,View
30/05/2022 14:02,@GobIzcalli,Gobierno Municipal de Cuautitl√°n Izcalli,"El IMEGDEM en coordinaci√≥n con la Direcci√≥n de Desarrollo Econ√≥mico, impartieron el Taller de ""Empoderamiento"", en el Centro de Desarrollo Comunitario ""Hermila Galindo"". Impartimos pl√°ticas para que las mujeres y hombres contin√∫en impulsando sus negocios. #SomosFuturo",1531350360421543937,,https://pbs.twimg.com/media/FUBzCRDX0AAIEFk.jpg,,0,0,Twitter for iPhone,7231,34,29,,23/10/2020,,Twitter oficial | Ayuntamiento de Cuautitl√°n Izcalli | 2022-2024. https://cuautitlanizcalli.gob.mx/wp-content/uploads/pdf/003_COMUNICACION-SOCIAL.pdf,,,View
30/05/2022 12:23,@GobIzcalli,Gobierno Municipal de Cuautitl√°n Izcalli,"Se convoca a los Comit√©s Ciudadanos de Control y Vigilancia, los Comit√©s de Contralor√≠a Social, las Organizaciones de Sociedad Civil y a la sociedad en general a participar en el Premio Estatal de Contralor√≠a Social 2022. Consulta toda la informaci√≥n. #SomosFuturo",1531325439217639427,,https://pbs.twimg.com/media/FUBcXaZXsAEq05s.jpg,,0,0,Twitter for iPhone,7231,34,29,,23/10/2020,,Twitter oficial | Ayuntamiento de Cuautitl√°n Izcalli | 2022-2024. https://cuautitlanizcalli.gob.mx/wp-content/uploads/pdf/003_COMUNICACION-SOCIAL.pdf,,,View
29/05/2022 22:05,@GobIzcalli,Gobierno Municipal de Cuautitl√°n Izcalli,"Los invitamos a las acciones implementadas para que las y los izcallenses cuenten #ConM√°sSeguridad. Consulta la informaci√≥n, horarios y ubicaciones en los siguientes banners. #SomosFuturo",1531109551440900096,,https://pbs.twimg.com/media/FT-YBRKUAAAWT_T.jpg,,0,1,Twitter for iPhone,7228,34,29,,23/10/2020,,Twitter oficial | Ayuntamiento de Cuautitl√°n Izcalli | 2022-2024. https://cuautitlanizcalli.gob.mx/wp-content/uploads/pdf/003_COMUNICACION-SOCIAL.pdf,,,View
29/05/2022 17:27,@GobIzcalli,Gobierno Municipal de Cuautitl√°n Izcalli,"Agradecemos a todas y todos los que se sumaron a los trabajos de limpieza del Festival de las Buenas Acciones ‚ÄúIzcallimpio‚Äù. Con su apoyo, las y los izcallenses tienen espacios #ConM√°sSeguridad. #SomosFuturo",1531039618954498049,,https://pbs.twimg.com/media/FT9YardVUAADPPo.jpg,,1,4,Twitter for iPhone,7228,34,29,,23/10/2020,,Twitter oficial | Ayuntamiento de Cuautitl√°n Izcalli | 2022-2024. https://cuautitlanizcalli.gob.mx/wp-content/uploads/pdf/003_COMUNICACION-SOCIAL.pdf,,,View
29/05/2022 13:42,@GobIzcalli,Gobierno Municipal de Cuautitl√°n Izcalli,"Felicitamos a Sergio Michel P√©rez Mendoza @SChecoPerez , por su triunfo en el gran premio de M√≥naco. Mexicanos como t√∫ ponen en alto el nombre del pa√≠s. Orgullo de M√©xico. Enhorabuena.",1530982911867883520,,https://pbs.twimg.com/media/FT8k14PVEAADms-.jpg,,1,6,Twitter for iPhone,7228,34,29,,23/10/2020,,Twitter oficial | Ayuntamiento de Cuautitl√°n Izcalli | 2022-2024. https://cuautitlanizcalli.gob.mx/wp-content/uploads/pdf/003_COMUNICACION-SOCIAL.pdf,,,View
28/05/2022 19:24,@GobIzcalli,Gobierno Municipal de Cuautitl√°n Izcalli,"Ni√±as, ni√±os y padres de familia se dieron cita en el Parque de las Esculturas para la inauguraci√≥n de la zona de juegos. Dotamos de espacios #ConM√°sSeguridad para el desarrollo y diversi√≥n de las y los m√°s peque√±os del hogar. #SomosFuturo",1530706703746060289,,https://pbs.twimg.com/media/FT4poVmXwAEDX3H.jpg,,0,1,Twitter for iPhone,7222,34,29,,23/10/2020,,Twitter oficial | Ayuntamiento de Cuautitl√°n Izcalli | 2022-2024. https://cuautitlanizcalli.gob.mx/wp-content/uploads/pdf/003_COMUNICACION-SOCIAL.pdf,,,View
28/05/2022 19:17,@GobIzcalli,Gobierno Municipal de Cuautitl√°n Izcalli,"La Coordinaci√≥n de Mejora Regulatoria, a trav√©s del IHAEM y la Direcci√≥n Jur√≠dica, impartieron capacitaciones durante el mes de Mayo, en relaci√≥n a buenas pr√°cticas desde lo interno en la administraci√≥n p√∫blica hasta la atenci√≥n a la ciudadan√≠a. #SomosFuturo",1530704874790391808,,https://pbs.twimg.com/media/FT4n997X0AAYqG7.jpg,,0,0,Twitter for iPhone,7222,34,29,,23/10/2020,,Twitter oficial | Ayuntamiento de Cuautitl√°n Izcalli | 2022-2024. https://cuautitlanizcalli.gob.mx/wp-content/uploads/pdf/003_COMUNICACION-SOCIAL.pdf,,,View
28/05/2022 17:53,@GobIzcalli,Gobierno Municipal de Cuautitl√°n Izcalli,"En coordinaci√≥n con la Direcci√≥n de Administraci√≥n, personal de Servicios P√∫blicos trabaj√≥ en el Carril de San Agust√≠n como parte del Festival de las Buenas Acciones #PorUnIzcallimpio. Trabajamos de manera conjunta en la recuperaci√≥n de espacios por un Izcalli #ConM√°sSeguridad.",1530683831816179713,,https://pbs.twimg.com/media/FT4U011UsAE9-5L.jpg,,0,0,Twitter for iPhone,7222,34,29,,23/10/2020,,Twitter oficial | Ayuntamiento de Cuautitl√°n Izcalli | 2022-2024. https://cuautitlanizcalli.gob.mx/wp-content/uploads/pdf/003_COMUNICACION-SOCIAL.pdf,,,View
28/05/2022 17:08,@GobIzcalli,Gobierno Municipal de Cuautitl√°n Izcalli,"En el Festival de las Buenas Acciones #PorUnIzcallimpio, la Secretar√≠a del Ayuntamiento realiz√≥ actividades de barrido, poda y recolecci√≥n de residuos en Infonavit Norte y la Unidad Habitacional Ferrocarrilera. Con estas acciones contribuimos por un Izcalli #ConM√°sSeguridad.",1530672268988321792,,https://pbs.twimg.com/media/FT4KThSUAAA6ndE.jpg,,0,1,Twitter for iPhone,7221,34,29,,23/10/2020,,Twitter oficial | Ayuntamiento de Cuautitl√°n Izcalli | 2022-2024. https://cuautitlanizcalli.gob.mx/wp-content/uploads/pdf/003_COMUNICACION-SOCIAL.pdf,,,View
28/05/2022 15:41,@GobIzcalli,Gobierno Municipal de Cuautitl√°n Izcalli,"En el Festival de las Buenas Acciones, las Direcciones de Desarrollo Econ√≥mico y Desarrollo Urbano estuvieron presentes en Cofrad√≠a III. Juntos trabajamos #PorUnIzcallimpio #ConM√°sSeguridad. #SomosFuturo.",1530650380488556545,,https://pbs.twimg.com/media/FT32ZiiUAAAINiM.jpg,,0,2,Twitter for iPhone,7220,34,29,,23/10/2020,,Twitter oficial | Ayuntamiento de Cuautitl√°n Izcalli | 2022-2024. https://cuautitlanizcalli.gob.mx/wp-content/uploads/pdf/003_COMUNICACION-SOCIAL.pdf,,,View
28/05/2022 14:19,@GobIzcalli,Gobierno Municipal de Cuautitl√°n Izcalli,"El Festival de las Buenas Acciones ""Izcallimpio"" inici√≥ en la colonia Atlanta, con trabajos de poda, barrido y recolecci√≥n de residuos s√≥lidos urbanos por parte del personal del IMPLAN y Presidencia. Cabe se√±alar la participaci√≥n del Sexto Regidor, Antonio Luna.",1530629855947145218,,https://pbs.twimg.com/media/FT3jvVdWQAA9Qvm.jpg,,1,1,Twitter for iPhone,7221,34,29,,23/10/2020,,Twitter oficial | Ayuntamiento de Cuautitl√°n Izcalli | 2022-2024. https://cuautitlanizcalli.gob.mx/wp-content/uploads/pdf/003_COMUNICACION-SOCIAL.pdf,,,View
28/05/2022 11:58,@GobIzcalli,Gobierno Municipal de Cuautitl√°n Izcalli,"Iniciamos el Festival de las Buenas Acciones ""Izcallimpio"". √önete y trabajemos juntos #PorUnIzcallimpio",1530594297279660033,,https://pbs.twimg.com/media/FT3DZiwWUAAOkZk.jpg,,0,0,Twitter for iPhone,7221,34,29,,23/10/2020,,Twitter oficial | Ayuntamiento de Cuautitl√°n Izcalli | 2022-2024. https://cuautitlanizcalli.gob.mx/wp-content/uploads/pdf/003_COMUNICACION-SOCIAL.pdf,,,View
27/05/2022 22:05,@GobIzcalli,Gobierno Municipal de Cuautitl√°n Izcalli,Los invitamos a participar en la Consulta P√∫blica. Aqu√≠ te decimos c√≥mo. Ingresa a:  #SomosFuturo,1530384799554105345,https://bit.ly/38vKBF6,pic.twitter.com/R2bPYXr5Hn,,0,0,Twitter for iPhone,7218,34,29,,23/10/2020,,Twitter oficial | Ayuntamiento de Cuautitl√°n Izcalli | 2022-2024. https://cuautitlanizcalli.gob.mx/wp-content/uploads/pdf/003_COMUNICACION-SOCIAL.pdf,,,View
27/05/2022 20:04,@GobIzcalli,Gobierno Municipal de Cuautitl√°n Izcalli,"La Presidenta Municipal, Karla Fiesco, acompa√±ada del titular de Operagua, recorri√≥ las instalaciones del Organismo para verificar que las y los izcallenses que acudan por distintas razones, reciban una excelente atenci√≥n. #SomosFuturo RT @KarlaFiesco: Esta tarde visit√© las oficinas centrales de OPERAGUA para supervisar personalmente la calidad de atenci√≥n y servicio que se brindan a diario a las y los izcallenses. Como servidores p√∫blicos estamos comprometidos en brindar m√°s y mejores servicios. #SomosFuturo",1530354277427855360,https://twitter.com/karlafiesco/status/1530307981165879296,https://pbs.twimg.com/media/FTy-_00XoAEFttc.jpg,,0,0,Twitter for iPhone,7219,34,29,,23/10/2020,,Twitter oficial | Ayuntamiento de Cuautitl√°n Izcalli | 2022-2024. https://cuautitlanizcalli.gob.mx/wp-content/uploads/pdf/003_COMUNICACION-SOCIAL.pdf,,,View
27/05/2022 18:43,@GobIzcalli,Gobierno Municipal de Cuautitl√°n Izcalli,"Te compartimos los puntos donde se llevar√° a cabo el Festival de las Buenas Acciones ""Izcallimpio"". Te esperamos a partir de las 7:45 am. #SomoFuturo",1530334023347732486,,https://pbs.twimg.com/media/FTzWrnwX0AA5zfq.jpg,,0,0,Twitter for iPhone,7220,34,29,,23/10/2020,,Twitter oficial | Ayuntamiento de Cuautitl√°n Izcalli | 2022-2024. https://cuautitlanizcalli.gob.mx/wp-content/uploads/pdf/003_COMUNICACION-SOCIAL.pdf,,,View
27/05/2022 18:06,@GobIzcalli,Gobierno Municipal de Cuautitl√°n Izcalli,"Te compartimos los puntos donde se llevar√° a cabo el Festival de las Buenas Acciones ""Izcallimpio"".",1530324691134603264,,https://pbs.twimg.com/media/FTzOMbdWIAAcF9l.jpg,,0,1,Twitter for iPhone,7220,34,29,,23/10/2020,,Twitter oficial | Ayuntamiento de Cuautitl√°n Izcalli | 2022-2024. https://cuautitlanizcalli.gob.mx/wp-content/uploads/pdf/003_COMUNICACION-SOCIAL.pdf,,,View
27/05/2022 16:24,@GobIzcalli,Gobierno Municipal de Cuautitl√°n Izcalli,"Les presentamos el nuevo logotipo del Sistema Municipal Anticorrupci√≥n. Si eres v√≠ctima de corrupci√≥n, ¬°denuncia! #SomosAnticorrupci√≥n #SomosFuturo",1530298992168513536,,https://pbs.twimg.com/media/FTy20kBWAAEQg1c.jpg,,0,1,Twitter for iPhone,7220,34,29,,23/10/2020,,Twitter oficial | Ayuntamiento de Cuautitl√°n Izcalli | 2022-2024. https://cuautitlanizcalli.gob.mx/wp-content/uploads/pdf/003_COMUNICACION-SOCIAL.pdf,,,View
27/05/2022 14:03,@GobIzcalli,Gobierno Municipal de Cuautitl√°n Izcalli,"Los invitamos a unirse a las actividades de limpieza por nuestro municipio, que se realizar√°n en el Festival de las Buenas Acciones ‚ÄúIzcallimpio‚Äù. Juntos por espacios #ConM√°sSeguridad, √≥ptimos y dignos.",1530263428572528645,,https://pbs.twimg.com/media/FTyWeejWUAA-H1y.jpg,,0,0,Twitter for iPhone,7219,34,29,,23/10/2020,,Twitter oficial | Ayuntamiento de Cuautitl√°n Izcalli | 2022-2024. https://cuautitlanizcalli.gob.mx/wp-content/uploads/pdf/003_COMUNICACION-SOCIAL.pdf,,,View
27/05/2022 12:38,@GobIzcalli,Gobierno Municipal de Cuautitl√°n Izcalli,"Esta ma√±ana la alcaldesa, Karla Fiesco Garc√≠a, mantuvo una reuni√≥n con integrantes de la Comisar√≠a de Seguridad Ciudadana con el objetivo de generar estrategias para salvaguardad la integridad de las y los izcallenses. #SomosFuturo",1530242060283944962,,https://pbs.twimg.com/media/FTyDCsOWIAE6YwC.jpg,,0,2,Twitter for iPhone,7218,34,29,,23/10/2020,,Twitter oficial | Ayuntamiento de Cuautitl√°n Izcalli | 2022-2024. https://cuautitlanizcalli.gob.mx/wp-content/uploads/pdf/003_COMUNICACION-SOCIAL.pdf,,,View
27/05/2022 11:18,@GobIzcalli,Gobierno Municipal de Cuautitl√°n Izcalli,"Como parte del compromiso de recuperar la tranquilidad a las familias izcallenses, sostuvimos la Reuni√≥n de Coordinaci√≥n Territorial para la Construcci√≥n de la Paz Regi√≥n VIII. Trabajamos por un Izcalli #ConM√°sSeguridad #SomosFuturo",1530221963041460227,,https://pbs.twimg.com/media/FTxww6tXsAA6Hr_.jpg,,0,0,Twitter for iPhone,7218,34,29,,23/10/2020,,Twitter oficial | Ayuntamiento de Cuautitl√°n Izcalli | 2022-2024. https://cuautitlanizcalli.gob.mx/wp-content/uploads/pdf/003_COMUNICACION-SOCIAL.pdf,,,View
27/05/2022 10:07,@GobIzcalli,Gobierno Municipal de Cuautitl√°n Izcalli,Te invitamos a la inauguraci√≥n de la Zona de Juegos en el Parque de las Esculturas. Seguimos trabajando por espacios #ConM√°sSeguridad para los m√°s peque√±os del municipio. ¬°No faltes!,1530203944672165889,,https://pbs.twimg.com/media/FTxgYBFXEAE0rSO.jpg,,0,2,Twitter for iPhone,7218,34,29,,23/10/2020,,Twitter oficial | Ayuntamiento de Cuautitl√°n Izcalli | 2022-2024. https://cuautitlanizcalli.gob.mx/wp-content/uploads/pdf/003_COMUNICACION-SOCIAL.pdf,,,View
27/05/2022 09:29,@GobIzcalli,Gobierno Municipal de Cuautitl√°n Izcalli,"Te invitamos a visitar el corredor artesanal que se instalar√° el pr√≥ximo domingo 29 de mayo al interior del Parque de las Esculturas, en un horario de 10:00 am a 05:00 pm. Junto impulsamos la econom√≠a de nuestros artesanos. #SomosFuturo.",1530194496729894912,,https://pbs.twimg.com/media/FTxXyHNWIAArSAq.jpg,,1,1,Twitter for iPhone,7218,34,29,,23/10/2020,,Twitter oficial | Ayuntamiento de Cuautitl√°n Izcalli | 2022-2024. https://cuautitlanizcalli.gob.mx/wp-content/uploads/pdf/003_COMUNICACION-SOCIAL.pdf,,,View
27/05/2022 09:18,@GobIzcalli,Gobierno Municipal de Cuautitl√°n Izcalli,"Atendimos las peticiones en materia de poda, desmalezado, alumbrado p√∫blico, bacheo y operativos de seguridad en la comunidad de Cumbria Secci√≥n Los Miras. Estamos comprometidos en darle a las vecinas y vecinos de Izcalli el municipio que se merecen #ConM√°sSeguridad",1530191815453855748,,pic.twitter.com/dMn9EKQEBm,,0,0,Twitter for iPhone,7218,34,29,,23/10/2020,,Twitter oficial | Ayuntamiento de Cuautitl√°n Izcalli | 2022-2024. https://cuautitlanizcalli.gob.mx/wp-content/uploads/pdf/003_COMUNICACION-SOCIAL.pdf,,,View
26/05/2022 23:20,@GobIzcalli,Gobierno Municipal de Cuautitl√°n Izcalli,"Con la presencia de la Presidenta y el Secretario de la CODHEM, tom√≥ protesta de ley el C. Gonzalo Levi Obreg√≥n Salinas, como Defensor Municipal de Derechos Humanos de Cuautitl√°n Izcalli para el periodo 2022-2024. (1/2)",1530041321838284808,,https://pbs.twimg.com/media/FTvMeKiXEA0iCE1.jpg,,1,1,Twitter for iPhone,7219,34,29,,23/10/2020,,Twitter oficial | Ayuntamiento de Cuautitl√°n Izcalli | 2022-2024. https://cuautitlanizcalli.gob.mx/wp-content/uploads/pdf/003_COMUNICACION-SOCIAL.pdf,,,View
26/05/2022 22:30,@GobIzcalli,Gobierno Municipal de Cuautitl√°n Izcalli,"A fin de mantener espacios #ConM√°sSeguridad, las cuadrillas de Servicios P√∫blicos realizaron rehabilitaci√≥n de alumbrado p√∫blico y trabajos de poda, desmalezado y clareo. La seguridad de las y los vecinos es prioridad. #SomosFuturo",1530028547749957632,,pic.twitter.com/Z231Ej4y2J,,0,0,Twitter for iPhone,7218,34,29,,23/10/2020,,Twitter oficial | Ayuntamiento de Cuautitl√°n Izcalli | 2022-2024. https://cuautitlanizcalli.gob.mx/wp-content/uploads/pdf/003_COMUNICACION-SOCIAL.pdf,,,View
26/05/2022 21:34,@GobIzcalli,Gobierno Municipal de Cuautitl√°n Izcalli,"Se hicieron labores de poda, desmalezado y reparaci√≥n de alumbrado p√∫blico en la Unidad Habitacional Ni√±os H√©roes. Porque las y los izcallenses merecen espacios p√∫blicos #ConM√°sSeguridad",1530014546399731729,,pic.twitter.com/IitSSm8vuR,,0,0,Twitter for iPhone,7218,34,29,,23/10/2020,,Twitter oficial | Ayuntamiento de Cuautitl√°n Izcalli | 2022-2024. https://cuautitlanizcalli.gob.mx/wp-content/uploads/pdf/003_COMUNICACION-SOCIAL.pdf,,,View
26/05/2022 20:01,@GobIzcalli,Gobierno Municipal de Cuautitl√°n Izcalli,"Esta tarde se celebr√≥ la segunda sesi√≥n ordinaria del Consejo Intermunicipal de Seguridad P√∫blica, Regi√≥n IV, en donde se dieron a conocer los avances en materia de seguridad en Cuautitl√°n Izcalli, Atizap√°n de Zaragoza y Nicol√°s Romero.",1529991029809717248,,https://pbs.twimg.com/media/FTueugdX0CIdTOp.jpg,,0,0,Twitter for iPhone,7217,34,29,,23/10/2020,,Twitter oficial | Ayuntamiento de Cuautitl√°n Izcalli | 2022-2024. https://cuautitlanizcalli.gob.mx/wp-content/uploads/pdf/003_COMUNICACION-SOCIAL.pdf,,,View
26/05/2022 19:24,@GobIzcalli,Gobierno Municipal de Cuautitl√°n Izcalli,"Con la presencia de la Presidenta y el Secretario de la CODHEM, tom√≥ protesta de ley el C. Gonzalo Levi Mondrag√≥n Salinas, como Defensor Municipal de Derechos Humanos de Cuautitl√°n Izcalli para el periodo 2022-2024. (1/2)",1529981881680384015,,https://pbs.twimg.com/media/FTuWaSRWAAE2S5d.jpg,,0,0,Twitter for iPhone,7217,34,29,,23/10/2020,,Twitter oficial | Ayuntamiento de Cuautitl√°n Izcalli | 2022-2024. https://cuautitlanizcalli.gob.mx/wp-content/uploads/pdf/003_COMUNICACION-SOCIAL.pdf,,,View
26/05/2022 15:15,@GobIzcalli,Gobierno Municipal de Cuautitl√°n Izcalli,"Trabajamos para darle a nuestras vecinas y vecinos izcallenses parques y jardines #ConM√°sSeguridad Se estar√°n realizando labores de barrido manual, clareo, desmalezado y mantenimiento de alumbrado p√∫blico en la colonia Lomas del Bosque. #SomosFuturo",1529919278052429838,,https://pbs.twimg.com/media/FTtdeN0WUCI68Yc.jpg,,0,0,Twitter for iPhone,7217,34,29,,23/10/2020,,Twitter oficial | Ayuntamiento de Cuautitl√°n Izcalli | 2022-2024. https://cuautitlanizcalli.gob.mx/wp-content/uploads/pdf/003_COMUNICACION-SOCIAL.pdf,,,View
26/05/2022 14:57,@GobIzcalli,Gobierno Municipal de Cuautitl√°n Izcalli,"La Presidenta Municipal, Karla Fiesco, acompa√±ada del Presidente de la COPARMEX Metropolitano, firm√≥ el convenio de colaboraci√≥n, con el cual se ejecutar√°n mejores oportunidades a la ciudadan√≠a y al sector privado.",1529914680629776384,,https://pbs.twimg.com/media/FTtZSpZWUCEtuu7.jpg,,0,0,Twitter for iPhone,7217,34,29,,23/10/2020,,Twitter oficial | Ayuntamiento de Cuautitl√°n Izcalli | 2022-2024. https://cuautitlanizcalli.gob.mx/wp-content/uploads/pdf/003_COMUNICACION-SOCIAL.pdf,,,View
26/05/2022 12:41,@GobIzcalli,Gobierno Municipal de Cuautitl√°n Izcalli,"Trabajamos para darle a nuestras vecinas y vecinos izcallenses parques y jard√≠nes #ConM√°sSeguridad Se estar√°n realizando labores de barrido manual, clareo, desmalezado y mantenimiento de alumbrado p√∫blico en la colonia Lomas del Bosque. #SomosFuturo",1529880390047084545,,https://pbs.twimg.com/media/FTs6GmSXsAQIscS.jpg,,1,1,Twitter for iPhone,7216,34,29,,23/10/2020,,Twitter oficial | Ayuntamiento de Cuautitl√°n Izcalli | 2022-2024. https://cuautitlanizcalli.gob.mx/wp-content/uploads/pdf/003_COMUNICACION-SOCIAL.pdf,,,View
25/05/2022 21:45,@GobIzcalli,Gobierno Municipal de Cuautitl√°n Izcalli,"Te invitamos a las Jornadas de Salud que Desarrollo Social y el Sistema Municipal DIF llevar√°n a cabo en San Jos√© Huilango y colonia Santa Mar√≠a Guadalupe las Torres, respectivamente. Juntos trabajamos por un Izcalli #ConM√°sSeguridad.",1529655040759169025,,https://pbs.twimg.com/media/FTptJgvUEAAyslY.jpg,,1,2,Twitter for iPhone,7213,34,29,,23/10/2020,,Twitter oficial | Ayuntamiento de Cuautitl√°n Izcalli | 2022-2024. https://cuautitlanizcalli.gob.mx/wp-content/uploads/pdf/003_COMUNICACION-SOCIAL.pdf,,,View
25/05/2022 21:42,@GobIzcalli,Gobierno Municipal de Cuautitl√°n Izcalli,"Te esperamos en el ""Torneo Rel√°mpago"", en esta ocasi√≥n en Ampliaci√≥n Bosques de los Pinos.Tambi√©n, te invitamos a la funci√≥n de ""Cine Nocturno"" en Claustros de San Miguel. Fomentando el deporte y la cultura avanzamos a un Izcalli #ConM√°sSeguridad",1529654250577461249,,https://pbs.twimg.com/media/FTpsbqZVsAA1s8w.jpg,,1,1,Twitter for iPhone,7213,34,29,,23/10/2020,,Twitter oficial | Ayuntamiento de Cuautitl√°n Izcalli | 2022-2024. https://cuautitlanizcalli.gob.mx/wp-content/uploads/pdf/003_COMUNICACION-SOCIAL.pdf,,,View
25/05/2022 20:30,@GobIzcalli,Gobierno Municipal de Cuautitl√°n Izcalli,"Te esperamos en el ""Torneo Rel√°mpago"", en esta ocasi√≥n en Ampliaci√≥n Bosques de los Pinos. Tambi√©n, te invitamos a la funci√≥n de ""Cine Nocturno"" en los Claustros de San Miguel. Fomentando el deporte y la cultura avanzamos a un Izcalli #ConM√°sSeguridad.",1529635974082351105,,https://pbs.twimg.com/media/FTpbzzBXEAAl-cs.jpg,,0,0,Twitter for iPhone,7213,34,29,,23/10/2020,,Twitter oficial | Ayuntamiento de Cuautitl√°n Izcalli | 2022-2024. https://cuautitlanizcalli.gob.mx/wp-content/uploads/pdf/003_COMUNICACION-SOCIAL.pdf,,,View
25/05/2022 20:30,@GobIzcalli,Gobierno Municipal de Cuautitl√°n Izcalli,"Te esperamos en el ""Torneo Rel√°mpago"", en esta ocasi√≥n en la Ampliaci√≥n Bosques de los Pinos.Tambi√©n, te invitamos a la funci√≥n de ""Cine Nocturno"" en los Claustros de San Miguel. Fomentando el deporte y la cultura avanzamos a un Izcalli #ConM√°sSeguridad",1529635934332911618,,https://pbs.twimg.com/media/FTo9eOBWQAA1mEJ.jpg,,0,0,TweetDeck,7213,34,29,,23/10/2020,,Twitter oficial | Ayuntamiento de Cuautitl√°n Izcalli | 2022-2024. https://cuautitlanizcalli.gob.mx/wp-content/uploads/pdf/003_COMUNICACION-SOCIAL.pdf,,,View
25/05/2022 18:57,@GobIzcalli,Gobierno Municipal de Cuautitl√°n Izcalli,"En el marco de las actividades realizadas por un Izcalli #ConM√°sSeguridad, la alcaldesa visit√≥ la colonia Cumbria, secci√≥n Los Miras, a fin de supervisar los trabajos de barrido, desmalezado, bacheo y alumbrado p√∫blico y desazolve realizados por Servicios P√∫blicos y Operagua.",1529612556557602817,,https://pbs.twimg.com/media/FTpGeIQXwAEAS9b.jpg,,0,0,Twitter for iPhone,7213,34,29,,23/10/2020,,Twitter oficial | Ayuntamiento de Cuautitl√°n Izcalli | 2022-2024. https://cuautitlanizcalli.gob.mx/wp-content/uploads/pdf/003_COMUNICACION-SOCIAL.pdf,,,View
25/05/2022 16:34,@GobIzcalli,Gobierno Municipal de Cuautitl√°n Izcalli,"Se llev√≥ a cabo la 5ta. Feria de Servicios en las instalaciones de la UCI, organizada por el IMJUCI, con el objetivo de brindar informaci√≥n sobre los diferentes servicios, tr√°mites, programas y campa√±as que ofrece la Administraci√≥n P√∫blica y Estatal. #SomosFuturo",1529576712278876160,,https://pbs.twimg.com/media/FTol6N1XsAUhaqK.jpg,,0,0,Twitter for iPhone,7213,34,29,,23/10/2020,,Twitter oficial | Ayuntamiento de Cuautitl√°n Izcalli | 2022-2024. https://cuautitlanizcalli.gob.mx/wp-content/uploads/pdf/003_COMUNICACION-SOCIAL.pdf,,,View
25/05/2022 16:04,@GobIzcalli,Gobierno Municipal de Cuautitl√°n Izcalli,"En San Sebasti√°n Xhala se llev√≥ a cabo la Jornada de Salud, con el fin de que nuestras vecinas y vecinos vivan #ConM√°sSeguridad Habitantes del pueblo aprovecharon servicios como pruebas de VIH, planificaci√≥n familiar, corte de cabello e hidropon√≠a.",1529569148455501825,,https://pbs.twimg.com/media/FTofB8XWYAEHyhp.jpg,,0,0,Twitter for iPhone,7213,34,29,,23/10/2020,,Twitter oficial | Ayuntamiento de Cuautitl√°n Izcalli | 2022-2024. https://cuautitlanizcalli.gob.mx/wp-content/uploads/pdf/003_COMUNICACION-SOCIAL.pdf,,,View
25/05/2022 15:53,@GobIzcalli,Gobierno Municipal de Cuautitl√°n Izcalli,"La Presidenta Municipal encabez√≥ la tercera sesi√≥n ordinaria del Consejo Directivo del Organismo P√∫blico Descentralizado MAVICI, donde se aprob√≥ la integraci√≥n de los Comit√©s de Adquisiciones y Servicios; Arrendamientos y de Adquisiciones de Inmuebles y Enajenaciones",1529566365706756102,,https://pbs.twimg.com/media/FTocgCPWQAEuBP9.jpg,,0,0,Twitter for iPhone,7213,34,29,,23/10/2020,,Twitter oficial | Ayuntamiento de Cuautitl√°n Izcalli | 2022-2024. https://cuautitlanizcalli.gob.mx/wp-content/uploads/pdf/003_COMUNICACION-SOCIAL.pdf,,,View
25/05/2022 13:15,@GobIzcalli,Gobierno Municipal de Cuautitl√°n Izcalli,"Aprovechen los grandes descuentos que Operagua tiene para ustedes. #SomosFuturo RT @OperaguaIzcalli: Atenci√≥n comunidad izcallense. üì¢üí¶ ¬°En OPERAGUA tenemos grandes descuentos para ti! üëàüèª En apoyo a tu econom√≠a, aprovecha los beneficios que te brinda el Programa de Regularizaci√≥n Fiscal 2022: #SomosFuturo #CuidandoElFuturo",1529526655286378496,https://twitter.com/operaguaizcalli/status/1527408540515717121,https://pbs.twimg.com/media/FTJx7KRWQAA5AOu.jpg,,0,0,Twitter for iPhone,7212,34,29,,23/10/2020,,Twitter oficial | Ayuntamiento de Cuautitl√°n Izcalli | 2022-2024. https://cuautitlanizcalli.gob.mx/wp-content/uploads/pdf/003_COMUNICACION-SOCIAL.pdf,,,View
25/05/2022 12:17,@GobIzcalli,Gobierno Municipal de Cuautitl√°n Izcalli,"Queremos un Izcalli #ConM√°sSeguridad para nuestras vecinas y vecinos. Se estar√°n realizando labores de barrido manual, clareo, desmalezado y mantenimiento de alumbrado p√∫blico en la colonia Bosques del Alba.",1529511967714643970,,https://pbs.twimg.com/media/FTnrBZjWYAAy7uQ.jpg,,0,0,Twitter for iPhone,7212,34,29,,23/10/2020,,Twitter oficial | Ayuntamiento de Cuautitl√°n Izcalli | 2022-2024. https://cuautitlanizcalli.gob.mx/wp-content/uploads/pdf/003_COMUNICACION-SOCIAL.pdf,,,View
25/05/2022 11:02,@GobIzcalli,Gobierno Municipal de Cuautitl√°n Izcalli,"Cada 25 de mes se conmemora el #D√≠aNaranja, una fecha para actuar en la prevenci√≥n y erradicaci√≥n de la violencia de g√©nero. Trabajamos #ConM√°sSeguridad por las mujeres y ni√±as izcallenses. #UnFuturoSinMiedo #SomosFuturo",1529493010706227200,,https://pbs.twimg.com/media/FTnZyHOaAAId3YW.jpg,,0,0,Twitter for iPhone,7212,34,29,,23/10/2020,,Twitter oficial | Ayuntamiento de Cuautitl√°n Izcalli | 2022-2024. https://cuautitlanizcalli.gob.mx/wp-content/uploads/pdf/003_COMUNICACION-SOCIAL.pdf,,,View
25/05/2022 09:45,@GobIzcalli,Gobierno Municipal de Cuautitl√°n Izcalli,"Aprovecha los servicios que la Direcci√≥n Jur√≠dica tiene para ti. Para mayor informaci√≥n puedes comunicarte al 55 5864 2530 ext. 6799. Ac√©rcate a nosotros, estamos para servirte. #SomosFuturo",1529473819324432386,,https://pbs.twimg.com/media/FTnIVQFX0AASvuB.jpg,,0,0,Twitter for iPhone,7211,34,29,,23/10/2020,,Twitter oficial | Ayuntamiento de Cuautitl√°n Izcalli | 2022-2024. https://cuautitlanizcalli.gob.mx/wp-content/uploads/pdf/003_COMUNICACION-SOCIAL.pdf,,,View
24/05/2022 23:00,@GobIzcalli,Gobierno Municipal de Cuautitl√°n Izcalli,"Queremos espacios p√∫blicos #ConM√°sSeguridad para las y los izcallenses. Se llevar√°n a cabo labores de barrido, tala, desmalezado y de reparaci√≥n de alumbrado p√∫blico en la colonia Cumbria.",1529311294850887680,,https://pbs.twimg.com/media/FTkvdLLWYAEbokC.jpg,,0,0,TweetDeck,7209,34,29,,23/10/2020,,Twitter oficial | Ayuntamiento de Cuautitl√°n Izcalli | 2022-2024. https://cuautitlanizcalli.gob.mx/wp-content/uploads/pdf/003_COMUNICACION-SOCIAL.pdf,,,View
24/05/2022 22:31,@GobIzcalli,Gobierno Municipal de Cuautitl√°n Izcalli,"Les invitamos a el Torneo Rel√°mpago, que se llevar√° a cabo en San Jos√© Buenavista. As√≠ mismo, a la funci√≥n de Cine Nocturno en el campo de f√∫tbol ‚ÄúEl Gallinero‚Äù Fomentando el deporte y la cultura, avanzamos a un Izcalli #ConM√°sSeguridad.",1529304165939306498,,https://pbs.twimg.com/media/FTkuCDFUYAE3M-n.jpg,,1,1,Twitter for iPhone,7209,34,29,,23/10/2020,,Twitter oficial | Ayuntamiento de Cuautitl√°n Izcalli | 2022-2024. https://cuautitlanizcalli.gob.mx/wp-content/uploads/pdf/003_COMUNICACION-SOCIAL.pdf,,,View
24/05/2022 22:03,@GobIzcalli,Gobierno Municipal de Cuautitl√°n Izcalli,"Te invitamos a las Jornadas de Salud que Desarrollo Social y el Sistema Municipal DIF llevar√°n a cabo en San Sebasti√°n Xhala y colonia 3 de Mayo, respectivamente. Juntos trabajamos por un Izcalli #ConM√°sSeguridad.",1529297086050615296,,https://pbs.twimg.com/media/FTknl35UYAIJBBE.jpg,,0,1,Twitter for iPhone,7209,34,29,,23/10/2020,,Twitter oficial | Ayuntamiento de Cuautitl√°n Izcalli | 2022-2024. https://cuautitlanizcalli.gob.mx/wp-content/uploads/pdf/003_COMUNICACION-SOCIAL.pdf,,,View
24/05/2022 21:25,@GobIzcalli,Gobierno Municipal de Cuautitl√°n Izcalli,"Se llev√≥ a cabo la firma de la carta de intenci√≥n que busca mejorar las pr√°cticas de gobernanza, esto durante la inauguraci√≥n del Congreso de Gobierno Abierto ""El Reto de la Inclusi√≥n Ciudadana y su Participaci√≥n en la Toma de Decisiones"". #SomosFuturo",1529287519761846273,,https://pbs.twimg.com/media/FTke45tUUAInxuB.jpg,,1,1,Twitter for iPhone,7209,34,29,,23/10/2020,,Twitter oficial | Ayuntamiento de Cuautitl√°n Izcalli | 2022-2024. https://cuautitlanizcalli.gob.mx/wp-content/uploads/pdf/003_COMUNICACION-SOCIAL.pdf,,,View
24/05/2022 17:30,@GobIzcalli,Gobierno Municipal de Cuautitl√°n Izcalli,"Les invitamos a el Torneo Rel√°mpago, que se llevar√° a cabo en San Jos√© Buenavista. As√≠ mismo, a la funci√≥n de Cine Nocturno en la Unidad Habitacional Infonavit. Fomentando el deporte y la cultura, avanzamos a un Izcalli #ConM√°sSeguridad.",1529228248546263041,,https://pbs.twimg.com/media/FTjeZ4jXsAEMk0C.jpg,,0,0,TweetDeck,7209,34,29,,23/10/2020,,Twitter oficial | Ayuntamiento de Cuautitl√°n Izcalli | 2022-2024. https://cuautitlanizcalli.gob.mx/wp-content/uploads/pdf/003_COMUNICACION-SOCIAL.pdf,,,View
24/05/2022 16:12,@GobIzcalli,Gobierno Municipal de Cuautitl√°n Izcalli,"Seguimos acercando servicios #ConM√°sSeguridad, en esta ocasi√≥n en el pueblo San Mateo Ixtacalco. La Direcci√≥n de Desarrollo Social llev√≥ a las y los vecinos actividades gratuitas como corte de cabello, IENA, hidropon√≠a, pintacaritas, planificaci√≥n familiar, entre otras.",1529208730088263688,,https://pbs.twimg.com/media/FTjXO1jX0AEQ87o.jpg,,0,0,Twitter for iPhone,7207,34,29,,23/10/2020,,Twitter oficial | Ayuntamiento de Cuautitl√°n Izcalli | 2022-2024. https://cuautitlanizcalli.gob.mx/wp-content/uploads/pdf/003_COMUNICACION-SOCIAL.pdf,,,View
24/05/2022 15:13,@GobIzcalli,Gobierno Municipal de Cuautitl√°n Izcalli,Te compartimos esta informaci√≥n para que identifiques los tipos de extorsi√≥n de los que puedes ser v√≠ctima.,1529193851822522368,,https://pbs.twimg.com/media/FTjJs2KXsAMfc2w.jpg,,1,0,Twitter for iPhone,7207,34,29,,23/10/2020,,Twitter oficial | Ayuntamiento de Cuautitl√°n Izcalli | 2022-2024. https://cuautitlanizcalli.gob.mx/wp-content/uploads/pdf/003_COMUNICACION-SOCIAL.pdf,,,View
24/05/2022 15:08,@GobIzcalli,Gobierno Municipal de Cuautitl√°n Izcalli,"Por parte de las cuadrillas de Servicios P√∫blicos se realizaron labores de limpia, poda, desmalezado, reparaci√≥n de luminarias y clareo en la Unidad Habitacional Ni√±os H√©roes. Queremos un Cuautitl√°n Izcalli con espacios p√∫blicos dignos y #ConM√°sSeguridad #SomosFuturo",1529192644638822400,,https://pbs.twimg.com/media/FTjImk_WQAEaaFx.jpg,,0,0,Twitter for iPhone,7207,34,29,,23/10/2020,,Twitter oficial | Ayuntamiento de Cuautitl√°n Izcalli | 2022-2024. https://cuautitlanizcalli.gob.mx/wp-content/uploads/pdf/003_COMUNICACION-SOCIAL.pdf,,,View
24/05/2022 13:34,@GobIzcalli,Gobierno Municipal de Cuautitl√°n Izcalli,"Trabajando de manera coordinada, se llev√≥ a cabo la reuni√≥n del Consejo de Polic√≠a Intermunicipal, con el fin de unir esfuerzos en favor de las y los mexiquenses de nuestro municipio, as√≠ como de Atizap√°n de Zaragoza, Tlalnepantla de Baz y Nicol√°s Romero. #SomosFuturo",1529169075452231682,,https://pbs.twimg.com/media/FTizKoFWQAcZTtx.jpg,,0,0,Twitter for iPhone,7208,34,29,,23/10/2020,,Twitter oficial | Ayuntamiento de Cuautitl√°n Izcalli | 2022-2024. https://cuautitlanizcalli.gob.mx/wp-content/uploads/pdf/003_COMUNICACION-SOCIAL.pdf,,,View
24/05/2022 09:33,@GobIzcalli,Gobierno Municipal de Cuautitl√°n Izcalli,"Para brindar espacios #ConM√°sSeguridad, las cuadrillas de Servicios P√∫blicos realiz√≥ trabajos de mantenimiento y rehabilitaci√≥n de luminarias en la colonia Luis Echeverr√≠a. #SomosFuturo",1529108404609990657,,pic.twitter.com/yMFIszObD1,,0,0,Twitter for iPhone,7208,34,29,,23/10/2020,,Twitter oficial | Ayuntamiento de Cuautitl√°n Izcalli | 2022-2024. https://cuautitlanizcalli.gob.mx/wp-content/uploads/pdf/003_COMUNICACION-SOCIAL.pdf,,,View
24/05/2022 07:00,@GobIzcalli,Gobierno Municipal de Cuautitl√°n Izcalli,"Participa en el curso Buscadoras de Empleo, este 26 de mayo en el Auditorio Lirios, asiste de 11:00 a 13:00 h. ¬°Te esperamos! #SomosFuturo.",1529069711345999874,,https://pbs.twimg.com/media/FTen-TdWQAEgdfN.jpg,,0,1,TweetDeck,7209,34,29,,23/10/2020,,Twitter oficial | Ayuntamiento de Cuautitl√°n Izcalli | 2022-2024. https://cuautitlanizcalli.gob.mx/wp-content/uploads/pdf/003_COMUNICACION-SOCIAL.pdf,,,View
23/05/2022 23:13,@GobIzcalli,Gobierno Municipal de Cuautitl√°n Izcalli,"A trav√©s del IMJUCI, llevamos a cabo el ""Torneo Rel√°mpago"" y una funci√≥n de ""Cine Nocturno"" en el fraccionamiento San Antonio, lo anterior con el fin de orientar a las y los j√≥venes izcallenses a la pr√°ctica del deporte y fomentar una sana convivencia. #ConM√°sSeguridad",1528952411343138816,,https://pbs.twimg.com/media/FTfuGnjWYAAesix.jpg,,0,0,Twitter for iPhone,7208,34,29,,23/10/2020,,Twitter oficial | Ayuntamiento de Cuautitl√°n Izcalli | 2022-2024. https://cuautitlanizcalli.gob.mx/wp-content/uploads/pdf/003_COMUNICACION-SOCIAL.pdf,,,View
23/05/2022 20:00,@GobIzcalli,Gobierno Municipal de Cuautitl√°n Izcalli,"Nos merecemos espacios p√∫blicos despejados y alumbrados, queremos colonias #ConM√°sSeguridad para los izcallenses. Ma√±ana se llevar√°n a cabo labores de barrido manual, tala, desmalezado y de reparaci√≥n de alumbrado p√∫blico en la Unidad Habitacional Ni√±os H√©roes.",1528903608636301312,,https://pbs.twimg.com/media/FTelrJyWUAAcsNd.jpg,,1,3,TweetDeck,7208,34,29,,23/10/2020,,Twitter oficial | Ayuntamiento de Cuautitl√°n Izcalli | 2022-2024. https://cuautitlanizcalli.gob.mx/wp-content/uploads/pdf/003_COMUNICACION-SOCIAL.pdf,,,View
23/05/2022 18:30,@GobIzcalli,Gobierno Municipal de Cuautitl√°n Izcalli,"Asiste al Torneo Rel√°mpago que el IMJUCI llevar√° a cabo en el Arcotecho de Lomas de Cuautitl√°n, mientras que, para los amantes del cine, se realizar√° una funci√≥n nocturna en La Piedad. Con el fomento al deporte y la cultura contribuimos por un Izcalli #ConM√°sSeguridad.",1528880958061039616,,https://pbs.twimg.com/media/FTemAeuWAAASC60.jpg,,0,2,TweetDeck,7208,34,29,,23/10/2020,,Twitter oficial | Ayuntamiento de Cuautitl√°n Izcalli | 2022-2024. https://cuautitlanizcalli.gob.mx/wp-content/uploads/pdf/003_COMUNICACION-SOCIAL.pdf,,,View
23/05/2022 17:52,@GobIzcalli,Gobierno Municipal de Cuautitl√°n Izcalli,Inician trabajos de corte y apertura de caja para bacheo en el Circuito Tlapa en la Unidad Ferrocarrilera. Por vialidades #ConM√°sSeguridad para las y los izcallenses.,1528871573276401666,,https://pbs.twimg.com/media/FTeklzDWUAA94tC.jpg,,2,7,Twitter for iPhone,7208,34,29,,23/10/2020,,Twitter oficial | Ayuntamiento de Cuautitl√°n Izcalli | 2022-2024. https://cuautitlanizcalli.gob.mx/wp-content/uploads/pdf/003_COMUNICACION-SOCIAL.pdf,,,View
23/05/2022 17:35,@GobIzcalli,Gobierno Municipal de Cuautitl√°n Izcalli,"Acude a las Jornadas de Salud que Desarrollo Social y el Sistema Municipal DIF llevar√°n a cabo en San Mateo Ixtacalco y Ejidal San Isidro, respectivamente. Juntos trabajamos por un Izcalli #ConM√°sSeguridad.",1528867281370959872,,https://pbs.twimg.com/media/FTegr31XoAAsXR3.jpg,,1,0,Twitter for iPhone,7208,34,29,,23/10/2020,,Twitter oficial | Ayuntamiento de Cuautitl√°n Izcalli | 2022-2024. https://cuautitlanizcalli.gob.mx/wp-content/uploads/pdf/003_COMUNICACION-SOCIAL.pdf,,,View
23/05/2022 16:24,@GobIzcalli,Gobierno Municipal de Cuautitl√°n Izcalli,Elementos de Protecci√≥n Civil y Bomberos acudieron a la calle Casuarinas en Lomas de Cuautitl√°n para el retiro de una rama de 6 metros. Liberamos las vialidades para que las y los izcallenses transiten #ConM√°sSeguridad. #SomosFuturo,1528849356803170305,,https://pbs.twimg.com/media/FTeQYG0XwAArtRS.jpg,,2,2,Twitter for iPhone,7208,34,29,,23/10/2020,,Twitter oficial | Ayuntamiento de Cuautitl√°n Izcalli | 2022-2024. https://cuautitlanizcalli.gob.mx/wp-content/uploads/pdf/003_COMUNICACION-SOCIAL.pdf,,,View
23/05/2022 16:21,@GobIzcalli,Gobierno Municipal de Cuautitl√°n Izcalli,Elementos de Protecci√≥n Civil y Bomberos atendieron un reporte ciudadan√≠a en la colonia Ensue√±os para el retiro de una rama de √°rbol de 8 metros. Trabajamos #ConM√°sSeguridad para las y los ciudadanos. #SomosFuturo,1528848649391857670,,https://pbs.twimg.com/media/FTePvZGX0AEd8v-.jpg,,1,1,Twitter for iPhone,7208,34,29,,23/10/2020,,Twitter oficial | Ayuntamiento de Cuautitl√°n Izcalli | 2022-2024. https://cuautitlanizcalli.gob.mx/wp-content/uploads/pdf/003_COMUNICACION-SOCIAL.pdf,,,View
23/05/2022 15:41,@GobIzcalli,Gobierno Municipal de Cuautitl√°n Izcalli,"Mejoramos los espacios p√∫blicos para que los izcallenses puedan disfrutar de estos #ConM√°sSeguridad. Se realizaron trabajos de desmalezado, poda, clareo y desarenado en Ejidal San Isidro y Colonia Luis Echeverr√≠a. #SomosFuturo.",1528838512413446145,,https://pbs.twimg.com/media/FTeGhYcXwAAJBZa.jpg,,2,1,Twitter for iPhone,7208,34,29,,23/10/2020,,Twitter oficial | Ayuntamiento de Cuautitl√°n Izcalli | 2022-2024. https://cuautitlanizcalli.gob.mx/wp-content/uploads/pdf/003_COMUNICACION-SOCIAL.pdf,,,View
23/05/2022 14:45,@GobIzcalli,Gobierno Municipal de Cuautitl√°n Izcalli,"A trav√©s de la Direcci√≥n de Desarrollo Social, se realiz√≥ la primer Jornada de Salud #ConM√°sSeguridad en el pueblo de San Lorenzo R√≠o Tenco. Acercando servicios de salud, educaci√≥n y esparcimiento a las y los vecinos de la zona. #SomosFuturo",1528824540964352001,,https://pbs.twimg.com/media/FTd5z5zUEAAJJnP.jpg,,1,1,Twitter for iPhone,7208,34,29,,23/10/2020,,Twitter oficial | Ayuntamiento de Cuautitl√°n Izcalli | 2022-2024. https://cuautitlanizcalli.gob.mx/wp-content/uploads/pdf/003_COMUNICACION-SOCIAL.pdf,,,View
23/05/2022 13:29,@GobIzcalli,Gobierno Municipal de Cuautitl√°n Izcalli,"Felicitamos a todas las chicas y chicos izcallenses de deporte adaptado que participaron en el ""DESERT CHALLENGE ARIZONA 2022"" en la categor√≠a de lanzamiento de disco, bala y jabalina. Gracias por poner el nombre del municipio en alto. #SomosFuturo RT @INMUDECI_22: Buenos d√≠as Amigas y Amigos Izcallenses. Felicidades a ‚ÄúDeporte Adaptado‚Äù, 4 de nuestros competidores vienen de regreso de Arizona a Cuautitl√°n Izcalli y traen consigo medallas de ‚Äúoro y plata‚Äù por lanzamiento de disco, bala y jabalina en el ‚ÄúDESERT CHALLENGE ARIZONA 2022‚Äù",1528805273028239366,https://twitter.com/inmudeci_22/status/1528746820238815232,https://pbs.twimg.com/media/FTczG6XUUAAGMNz.jpg,,1,2,Twitter for iPhone,7208,34,29,,23/10/2020,,Twitter oficial | Ayuntamiento de Cuautitl√°n Izcalli | 2022-2024. https://cuautitlanizcalli.gob.mx/wp-content/uploads/pdf/003_COMUNICACION-SOCIAL.pdf,,,View
23/05/2022 11:20,@GobIzcalli,Gobierno Municipal de Cuautitl√°n Izcalli,"A nuestros vecinas y vecinos izcallenses. Les recordamos que los trabajos de bacheo contin√∫an en la Av. 1 de Mayo, a la altura de la Preparatoria Oficial 11. Tomen sus precauciones. #ConM√°sSeguridad #SomosFuturo",1528772844481662978,,https://pbs.twimg.com/media/FTdKzE8UAAA1MCu.jpg,,1,1,Twitter for iPhone,7208,34,29,,23/10/2020,,Twitter oficial | Ayuntamiento de Cuautitl√°n Izcalli | 2022-2024. https://cuautitlanizcalli.gob.mx/wp-content/uploads/pdf/003_COMUNICACION-SOCIAL.pdf,,,View
23/05/2022 10:16,@GobIzcalli,Gobierno Municipal de Cuautitl√°n Izcalli,Este 23 de mayo conmemoramos el D√≠a Internacional de las Tortugas. El cuidado y la preservaci√≥n de esta especie disminuir√° el riesgo de su extinci√≥n. #SomosFuturo,1528756714568404992,,https://pbs.twimg.com/media/FTc8IGzUUAA9eVa.jpg,,1,1,Twitter for iPhone,7208,34,29,,23/10/2020,,Twitter oficial | Ayuntamiento de Cuautitl√°n Izcalli | 2022-2024. https://cuautitlanizcalli.gob.mx/wp-content/uploads/pdf/003_COMUNICACION-SOCIAL.pdf,,,View
23/05/2022 09:47,@GobIzcalli,Gobierno Municipal de Cuautitl√°n Izcalli,"üö®#AvisoImportante Debido a los trabajos de bacheo que se realizan en la Av. 1 de Mayo, a la altura de la EPO 11, te informamos que la vialidad se encuentra parcialmente cerrada. Te recomendamos tomar v√≠as alternas, maneja con precauci√≥n. #SomosFuturo",1528749477997289473,,,,3,5,Twitter for iPhone,7208,34,29,,23/10/2020,,Twitter oficial | Ayuntamiento de Cuautitl√°n Izcalli | 2022-2024. https://cuautitlanizcalli.gob.mx/wp-content/uploads/pdf/003_COMUNICACION-SOCIAL.pdf,,,View
22/05/2022 23:00,@GobIzcalli,Gobierno Municipal de Cuautitl√°n Izcalli,"A trav√©s de la Direcci√≥n de Servicios P√∫blicos, llevaremos a cabo actividades de alumbrado p√∫blico, barrido, taladores para clareo y desmalezado para vecinos en Ampliaci√≥n Ejidal San Isidro y en la colonia Luis Echeverr√≠a, este lunes 23 de mayo, a partir de las 9:00 h.",1528586586971066370,,https://pbs.twimg.com/media/FTahZDfXwAE9JWo.jpg,,2,6,Twitter for iPhone,7208,34,29,,23/10/2020,,Twitter oficial | Ayuntamiento de Cuautitl√°n Izcalli | 2022-2024. https://cuautitlanizcalli.gob.mx/wp-content/uploads/pdf/003_COMUNICACION-SOCIAL.pdf,,,View
22/05/2022 22:10,@GobIzcalli,Gobierno Municipal de Cuautitl√°n Izcalli,"Por medio del Instituto Municipal de la Juventud Cuautitl√°n Izcalli, te invitamos este lunes 23 de mayo en punto de las 16 horas, al ""Torneo Rel√°mpago"" y a la funci√≥n de ""Cine Nocturno"" en la Explanada de San Antonio. ¬°Te esperamos! #SomosFuturo",1528573992638074880,,https://pbs.twimg.com/media/FTaV8YCUUAIsKOD.jpg,,1,1,Twitter for iPhone,7208,34,29,,23/10/2020,,Twitter oficial | Ayuntamiento de Cuautitl√°n Izcalli | 2022-2024. https://cuautitlanizcalli.gob.mx/wp-content/uploads/pdf/003_COMUNICACION-SOCIAL.pdf,,,View
22/05/2022 18:34,@GobIzcalli,Gobierno Municipal de Cuautitl√°n Izcalli,Les compartimos las actividades m√°s destacadas de la semana del 16 al 22 de mayo. Trabajamos por las y los izcallenses. #SomosFuturo,1528519810681819137,,pic.twitter.com/diJIidMOPP,,1,3,Twitter for iPhone,7208,34,29,,23/10/2020,,Twitter oficial | Ayuntamiento de Cuautitl√°n Izcalli | 2022-2024. https://cuautitlanizcalli.gob.mx/wp-content/uploads/pdf/003_COMUNICACION-SOCIAL.pdf,,,View
22/05/2022 17:09,@GobIzcalli,Gobierno Municipal de Cuautitl√°n Izcalli,Elementos de la Coordinaci√≥n Municipal de Protecci√≥n Civil y Bomberos Izcalli acudieron al llamado de auxilio y apoyo para mitigar un incendio de una f√°brica de qu√≠micos en el municipio hermano de Coyotepec. #PCyBomberosIzcalli #SomosFuturo,1528498273677414411,,https://pbs.twimg.com/media/FTZRE9MXwAIBRXJ.jpg,,1,2,Twitter for iPhone,7208,34,29,,23/10/2020,,Twitter oficial | Ayuntamiento de Cuautitl√°n Izcalli | 2022-2024. https://cuautitlanizcalli.gob.mx/wp-content/uploads/pdf/003_COMUNICACION-SOCIAL.pdf,,,View
22/05/2022 15:45,@GobIzcalli,Gobierno Municipal de Cuautitl√°n Izcalli,Del 23 al 26 de mayo estaremos acercando servicios gratuitos a la poblaci√≥n izcallense con las #JornadaaDeSalud. √önico requisito presentar copia del CURP. ¬°Los esperamos! #ConM√°sSeguridad #SomosFuturo,1528477178656071683,,https://pbs.twimg.com/media/FTY95COWYAIZX3-.jpg,,2,3,Twitter for iPhone,7208,34,29,,23/10/2020,,Twitter oficial | Ayuntamiento de Cuautitl√°n Izcalli | 2022-2024. https://cuautitlanizcalli.gob.mx/wp-content/uploads/pdf/003_COMUNICACION-SOCIAL.pdf,,,View
22/05/2022 12:18,@GobIzcalli,Gobierno Municipal de Cuautitl√°n Izcalli,"El IMEGDEM en conjunto con elementos de la Comisar√≠a, llevan a cabo operativos de proximidad en diferentes puntos del municipio para atender y escuchar las demandas de la ciudadan√≠a en materia de seguridad. #SomosFuturo",1528425026374012936,,https://pbs.twimg.com/media/FTYOdLFUAAAlut3.jpg,,1,4,Twitter for iPhone,7208,34,29,,23/10/2020,,Twitter oficial | Ayuntamiento de Cuautitl√°n Izcalli | 2022-2024. https://cuautitlanizcalli.gob.mx/wp-content/uploads/pdf/003_COMUNICACION-SOCIAL.pdf,,,View
21/05/2022 22:40,@GobIzcalli,Gobierno Municipal de Cuautitl√°n Izcalli,"Por medio del Sistema Municipal @DIFIzcalli2022 estaremos llevando hasta tu comunidad #JornadasDeSalud pensadas en tu bienestar y el de tu familia. #ConM√°sSeguridad #SomosFuturo #DondeTenemosElCoraz√≥n RT @DIFIzcalli2022: Para cuidar y estar m√°s cerca de ti y tu familia, llevaremos nuestras Jornadas de Salud con m√°s seguridad. Pronto les compartiremos las comunidades que estaremos visitando. #SomosFuturo #DondeTenemosElCoraz√≥n",1528219305506181120,https://twitter.com/difizcalli2022/status/1528180362270199808,https://pbs.twimg.com/media/FTUv772XsAAqN9H.jpg,,1,2,Twitter for iPhone,7208,34,29,,23/10/2020,,Twitter oficial | Ayuntamiento de Cuautitl√°n Izcalli | 2022-2024. https://cuautitlanizcalli.gob.mx/wp-content/uploads/pdf/003_COMUNICACION-SOCIAL.pdf,,,View
21/05/2022 18:31,@GobIzcalli,Gobierno Municipal de Cuautitl√°n Izcalli,"En compa√±√≠a de autoridades Estatales y del municipio de Atizap√°n de Zaragoza, se realiz√≥ la Supervisi√≥n de trabajos de limpieza y desazolve en la presa ""El √Ångulo"". Estas labores tienen como fin prevenir inundaciones en esta temporada del lluvias. #SomosFuturo",1528156639219568640,,pic.twitter.com/7KD2N9LYcr,,1,1,Twitter for iPhone,7208,34,29,,23/10/2020,,Twitter oficial | Ayuntamiento de Cuautitl√°n Izcalli | 2022-2024. https://cuautitlanizcalli.gob.mx/wp-content/uploads/pdf/003_COMUNICACION-SOCIAL.pdf,,,View
21/05/2022 16:15,@GobIzcalli,Gobierno Municipal de Cuautitl√°n Izcalli,"Se llev√≥ a cabo ""Viernes de Talento con Futuro"", un espacio para que ni√±as, ni√±os, j√≥venes y adultos demostraran su talento en baile, actuaci√≥n, canto, m√∫sica y danza. Impulsemos las Bellas Artes en la ciudadan√≠a izcallense. #SomosFuturo",1528122345352794121,,https://pbs.twimg.com/media/FTT7FiQWUAMwhCk.jpg,,1,2,Twitter for iPhone,7208,34,29,,23/10/2020,,Twitter oficial | Ayuntamiento de Cuautitl√°n Izcalli | 2022-2024. https://cuautitlanizcalli.gob.mx/wp-content/uploads/pdf/003_COMUNICACION-SOCIAL.pdf,,,View
21/05/2022 14:57,@GobIzcalli,Gobierno Municipal de Cuautitl√°n Izcalli,"Se realiz√≥ la Feria de Promoci√≥n Educativa media superior y superior, ah√≠ las y los estudiantes izcallenses pudieron acercarse a las instituciones educativas a conocer los planes que ofrecen de acuerdo a sus intereses. Queremos que los j√≥venes en izcallenses alcancen sus metas.",1528102620484730880,,pic.twitter.com/Xf0r58olCh,,1,1,Twitter for iPhone,7208,34,29,,23/10/2020,,Twitter oficial | Ayuntamiento de Cuautitl√°n Izcalli | 2022-2024. https://cuautitlanizcalli.gob.mx/wp-content/uploads/pdf/003_COMUNICACION-SOCIAL.pdf,,,View
21/05/2022 10:24,@GobIzcalli,Gobierno Municipal de Cuautitl√°n Izcalli,"Aprovecha los beneficios del Programa de Regularizaci√≥n Fiscal 2022 que Operagua tiene para ti. #SomosFuturo RT @OperaguaIzcalli: Atenci√≥n comunidad izcallense. üì¢üí¶ ¬°En OPERAGUA tenemos grandes descuentos para ti! üëàüèª En apoyo a tu econom√≠a, aprovecha los beneficios que te brinda el Programa de Regularizaci√≥n Fiscal 2022: #SomosFuturo #CuidandoElFuturo",1528033908842962946,https://twitter.com/OperaguaIzcalli/status/1527408540515717121,https://pbs.twimg.com/media/FTJx7KRWQAA5AOu.jpg,,2,3,Twitter for iPhone,7208,34,29,,23/10/2020,,Twitter oficial | Ayuntamiento de Cuautitl√°n Izcalli | 2022-2024. https://cuautitlanizcalli.gob.mx/wp-content/uploads/pdf/003_COMUNICACION-SOCIAL.pdf,,,View
21/05/2022 09:53,@GobIzcalli,Gobierno Municipal de Cuautitl√°n Izcalli,"Se han realizado labores de revisi√≥n y reparaci√≥n de luminarias sobre la calle San Joaqu√≠n, Fraccionamiento Urbano Lomas de Cuautitl√°n. Trabajamos para garantizarte un camino a casa iluminado. #SomosFuturo",1528026195077615619,,https://pbs.twimg.com/media/FTSjuWpWUAAdsjn.jpg,,3,9,Twitter for iPhone,7208,34,29,,23/10/2020,,Twitter oficial | Ayuntamiento de Cuautitl√°n Izcalli | 2022-2024. https://cuautitlanizcalli.gob.mx/wp-content/uploads/pdf/003_COMUNICACION-SOCIAL.pdf,,,View
21/05/2022 09:41,@GobIzcalli,Gobierno Municipal de Cuautitl√°n Izcalli,"La Direcci√≥n de Sustentabilidad y Medio Ambiente invita a toda la comunidad izcallense, el pr√≥ximo 23 de mayo, a la Jornada de Adopci√≥n de √Årboles Nativos del Parque Central. Juntos por un Izcalli m√°s verde. #SomosFuturo",1528023133076209669,,https://pbs.twimg.com/media/FTSg7-zWIAEakNM.jpg,,2,4,Twitter for iPhone,7208,34,29,,23/10/2020,,Twitter oficial | Ayuntamiento de Cuautitl√°n Izcalli | 2022-2024. https://cuautitlanizcalli.gob.mx/wp-content/uploads/pdf/003_COMUNICACION-SOCIAL.pdf,,,View
20/05/2022 17:55,@GobIzcalli,Gobierno Municipal de Cuautitl√°n Izcalli,"üö®#AvisoImportante Debido a los trabajos de bacheo que se llevan a cabo en la colonia Lago de Guadalupe, te presentamos los cambios que habr√° en la circulaci√≥n de algunas calles. Recuerda que las molestias son temporales, el beneficio es permanente. Maneja con precauci√≥n.",1527785160183267328,,https://pbs.twimg.com/media/FTPIfUoUsAADQEe.jpg,,2,2,Twitter for iPhone,7208,34,29,,23/10/2020,,Twitter oficial | Ayuntamiento de Cuautitl√°n Izcalli | 2022-2024. https://cuautitlanizcalli.gob.mx/wp-content/uploads/pdf/003_COMUNICACION-SOCIAL.pdf,,,View
20/05/2022 17:04,@GobIzcalli,Gobierno Municipal de Cuautitl√°n Izcalli,"Con el fin de brindar mejores oportunidades educativas, se llev√≥ a cabo la Firma de Convenio con la Universidad de Ciencias M√©dicas y Administrativas (UCMA). Sumando esfuerzos, lograremos construir el Izcalli que merecemos. #SomosFuturo",1527772285981102081,,pic.twitter.com/ElQiPZBrGS,,1,1,Twitter for iPhone,7208,34,29,,23/10/2020,,Twitter oficial | Ayuntamiento de Cuautitl√°n Izcalli | 2022-2024. https://cuautitlanizcalli.gob.mx/wp-content/uploads/pdf/003_COMUNICACION-SOCIAL.pdf,,,View
20/05/2022 16:07,@GobIzcalli,Gobierno Municipal de Cuautitl√°n Izcalli,#AvisoImportante Se activa contingencia ambiental atmosf√©rica por ozono en la Zona Metropolitana del Valle de M√©xico. Consulta las recomendaciones en:,1527757971773657091,https://bit.ly/3MyDnyX,,,1,1,Twitter for iPhone,7208,34,29,,23/10/2020,,Twitter oficial | Ayuntamiento de Cuautitl√°n Izcalli | 2022-2024. https://cuautitlanizcalli.gob.mx/wp-content/uploads/pdf/003_COMUNICACION-SOCIAL.pdf,,,View
20/05/2022 13:09,@GobIzcalli,Gobierno Municipal de Cuautitl√°n Izcalli,"Personal de la Direcci√≥n de Servicios P√∫blicos realiz√≥ trabajos de poda, desarenado, recolecci√≥n de ramas secas y residuos s√≥lidos en Secci√≥n Los Miras, colonia Cumbria. #SomosFuturo",1527713135867867136,,https://pbs.twimg.com/media/FTOG_tsVIAAudQr.jpg,,2,2,Twitter for iPhone,7208,34,29,,23/10/2020,,Twitter oficial | Ayuntamiento de Cuautitl√°n Izcalli | 2022-2024. https://cuautitlanizcalli.gob.mx/wp-content/uploads/pdf/003_COMUNICACION-SOCIAL.pdf,,,View
20/05/2022 10:13,@GobIzcalli,Gobierno Municipal de Cuautitl√°n Izcalli,"Continuando con las actividades de bacheo en la Av. 1 de mayo, personal de la Direcci√≥n de Servicios P√∫blicos trabaj√≥ en la vialidad, a la altura del COPALEP Cuautitl√°n 108, adem√°s realizaron labores en el Cto Tlapa. #SomosFuturo",1527668910983618566,,https://pbs.twimg.com/media/FTNexisXwAMnJzi.jpg,,1,1,Twitter for iPhone,7208,34,29,,23/10/2020,,Twitter oficial | Ayuntamiento de Cuautitl√°n Izcalli | 2022-2024. https://cuautitlanizcalli.gob.mx/wp-content/uploads/pdf/003_COMUNICACION-SOCIAL.pdf,,,View
20/05/2022 08:37,@GobIzcalli,Gobierno Municipal de Cuautitl√°n Izcalli,"#AtentoAviso A los j√≥venes que no pudieron recoger su cartilla militar liberada en diciembre de 2021, tienen hasta el 30 de junio para recogerla en las oficinas ubicadas en Santa Luc√≠a, Tec√°mac. #SomosFuturo",1527644719668396032,,https://pbs.twimg.com/media/FTNIxjeWAAAeofK.jpg,,2,4,Twitter for iPhone,7208,34,29,,23/10/2020,,Twitter oficial | Ayuntamiento de Cuautitl√°n Izcalli | 2022-2024. https://cuautitlanizcalli.gob.mx/wp-content/uploads/pdf/003_COMUNICACION-SOCIAL.pdf,,,View
20/05/2022 08:34,@GobIzcalli,Gobierno Municipal de Cuautitl√°n Izcalli,"En el marco del D√≠a Mundial de las Abejas, queremos hacerte unas recomendaciones para proteger a estas criaturas. #SomosFuturo",1527643826986303490,,https://pbs.twimg.com/media/FTNH9onXEAAEeDw.jpg,,1,4,Twitter for iPhone,7208,34,29,,23/10/2020,,Twitter oficial | Ayuntamiento de Cuautitl√°n Izcalli | 2022-2024. https://cuautitlanizcalli.gob.mx/wp-content/uploads/pdf/003_COMUNICACION-SOCIAL.pdf,,,View
20/05/2022 04:28,@GobIzcalli,Gobierno Municipal de Cuautitl√°n Izcalli,"Queremos que llegues con bien a tu destino. Elementos de la Comisar√≠a General de Seguridad Ciudadana en conjunto con el IMEGDEM, Guardia Nacional la Defensor√≠a Municipal de Derechos Humanos, realizan el ""Operativo Mujer Segura"" en unidades de transporte p√∫blico.#SomosFuturo",1527582066942124032,,https://pbs.twimg.com/media/FTMPyqyX0AEtvgD.jpg,,2,4,Twitter for iPhone,7208,34,29,,23/10/2020,,Twitter oficial | Ayuntamiento de Cuautitl√°n Izcalli | 2022-2024. https://cuautitlanizcalli.gob.mx/wp-content/uploads/pdf/003_COMUNICACION-SOCIAL.pdf,,,View
19/05/2022 21:44,@GobIzcalli,Gobierno Municipal de Cuautitl√°n Izcalli,"Tomo protesta la titular del SIPINNA, as√≠ mismo, fue creada la Comisi√≥n de la Primera Infancia, la cual tiene como objetivo garantizar los derechos de ni√±as, ni√±os y adolescentes. #SomosFuturo",1527480381041156100,,https://pbs.twimg.com/media/FTKzTrVUYAEaGBq.jpg,,1,3,Twitter for iPhone,7208,34,29,,23/10/2020,,Twitter oficial | Ayuntamiento de Cuautitl√°n Izcalli | 2022-2024. https://cuautitlanizcalli.gob.mx/wp-content/uploads/pdf/003_COMUNICACION-SOCIAL.pdf,,,View
19/05/2022 21:38,@GobIzcalli,Gobierno Municipal de Cuautitl√°n Izcalli,Queremos una comunidad que pueda comunicarse e informarse r√°pidamente. Gracias al trabajo en conjunto de la Universidad Tecmilenio y la Direcci√≥n de Desarrollo Econ√≥mico se pudo impartir la Capacitaci√≥n de Uso de Internet Para Personas Mayores. #SomosFuturo,1527478942004805637,,pic.twitter.com/8P6u7QKfwU,,1,5,Twitter for iPhone,7208,34,29,,23/10/2020,,Twitter oficial | Ayuntamiento de Cuautitl√°n Izcalli | 2022-2024. https://cuautitlanizcalli.gob.mx/wp-content/uploads/pdf/003_COMUNICACION-SOCIAL.pdf,,,View
19/05/2022 18:24,@GobIzcalli,Gobierno Municipal de Cuautitl√°n Izcalli,"Personal de Prevenci√≥n del Delito en coordinaci√≥n con la C√©lula de B√∫squeda de Personas Desaparecidas, localizaron a un menor de edad, quien ya se encuentra con sus familiares. En caso de conocer a un familiar extraviado, comun√≠cate al 55-5914-2602. RT @SPublicaIzcalli: Polic√≠as de Prevenci√≥n del Delito en coordinaci√≥n con elementos de la C√©lula de B√∫squeda de Personas Desaparecidas de la Comisar√≠a General de Seguridad Ciudadana, reintegraron a su n√∫cleo familiar a un menor de 11 a√±os de edad.",1527430047195447296,https://twitter.com/SPublicaIzcalli/status/1526630647850205186,https://pbs.twimg.com/media/FS-uez-WYAcKCLF.jpg,,1,3,Twitter for iPhone,7208,34,29,,23/10/2020,,Twitter oficial | Ayuntamiento de Cuautitl√°n Izcalli | 2022-2024. https://cuautitlanizcalli.gob.mx/wp-content/uploads/pdf/003_COMUNICACION-SOCIAL.pdf,,,View
19/05/2022 18:06,@GobIzcalli,Gobierno Municipal de Cuautitl√°n Izcalli,"La Presidenta Municipal, Karla Fiesco, se reuni√≥ con empresarios del Consejo Coordinador Empresarial del Estado de M√©xico (CCEM) para escuchar las principales demandas del sector industrial en materia de seguridad, vialidades, alumbrado p√∫blico, tr√°mites y servicios. #SomosFuturo",1527425586192424963,,https://pbs.twimg.com/media/FTKBeQ4XwAgEONc.jpg,,1,2,Twitter for iPhone,7208,34,29,,23/10/2020,,Twitter oficial | Ayuntamiento de Cuautitl√°n Izcalli | 2022-2024. https://cuautitlanizcalli.gob.mx/wp-content/uploads/pdf/003_COMUNICACION-SOCIAL.pdf,,,View
19/05/2022 15:36,@GobIzcalli,Gobierno Municipal de Cuautitl√°n Izcalli,Ven a conocer la oferta educativa que tenemos en Cuautitl√°n Izcalli para ti. Asiste a la Feria de Promoci√≥n Educativa que se llevar√° a cabo el pr√≥ximo 20 de mayo en el auditorio Enrique B√°tiz. #SomosFuturo.,1527387621642469376,,https://pbs.twimg.com/media/FTJe8U4UUA8-Vry.jpg,,1,3,Twitter for iPhone,7208,34,29,,23/10/2020,,Twitter oficial | Ayuntamiento de Cuautitl√°n Izcalli | 2022-2024. https://cuautitlanizcalli.gob.mx/wp-content/uploads/pdf/003_COMUNICACION-SOCIAL.pdf,,,View
19/05/2022 13:48,@GobIzcalli,Gobierno Municipal de Cuautitl√°n Izcalli,"Durante la d√©cima primera sesi√≥n de Cabildo con car√°cter de ordinaria, rindi√≥ protesta de ley el C. Alejandro Mondrag√≥n Hern√°ndez, como Cronista Municipal para el periodo 2022-2025. #SomosFuturo",1527360671062495234,,https://pbs.twimg.com/media/FTJGbMvaUAAWBLG.jpg,,1,4,Twitter for iPhone,7208,34,29,,23/10/2020,,Twitter oficial | Ayuntamiento de Cuautitl√°n Izcalli | 2022-2024. https://cuautitlanizcalli.gob.mx/wp-content/uploads/pdf/003_COMUNICACION-SOCIAL.pdf,,,View
19/05/2022 11:53,@GobIzcalli,Gobierno Municipal de Cuautitl√°n Izcalli,"üö®#AvisoImportante Debido a los trabajos de bacheo que se realizan en el Circuito Bosques de Bolognia, a la altura de la Glorieta de Cisnes, dicha vialidad se encuentra congestionada. Te invitamos a evitar la zona y tomar v√≠as alternas, maneja con precauci√≥n. #SomosFuturo",1527331618310230016,,https://pbs.twimg.com/media/FTIsAc5UYAkbaf-.jpg,,1,6,Twitter for iPhone,7208,34,29,,23/10/2020,,Twitter oficial | Ayuntamiento de Cuautitl√°n Izcalli | 2022-2024. https://cuautitlanizcalli.gob.mx/wp-content/uploads/pdf/003_COMUNICACION-SOCIAL.pdf,,,View
19/05/2022 10:40,@GobIzcalli,Gobierno Municipal de Cuautitl√°n Izcalli,"Contin√∫an las labores de bacheo en la Av. 1 de Mayo, en esta ocasi√≥n el personal de la Direcci√≥n de Servicios P√∫blicos trabaj√≥ en la vialidad a la altura del Fraccionamiento Urbano Secci√≥n Parques. #SomosFuturo",1527313336878383106,,https://pbs.twimg.com/media/FTIbYZzaQAA-zhs.jpg,,1,3,Twitter for iPhone,7208,34,29,,23/10/2020,,Twitter oficial | Ayuntamiento de Cuautitl√°n Izcalli | 2022-2024. https://cuautitlanizcalli.gob.mx/wp-content/uploads/pdf/003_COMUNICACION-SOCIAL.pdf,,,View
19/05/2022 10:17,@GobIzcalli,Gobierno Municipal de Cuautitl√°n Izcalli,"Las mam√°s se merecen todo, por ello, debemos cuidarlas, apapacharlas y apoyarlas en sus proyectos. Porque nunca es suficiente en comparaci√≥n del amor que nos dan. #SomosFuturo",1527307392077152256,,https://pbs.twimg.com/media/FTIV-WzagAALA5N.jpg,,1,1,Twitter for iPhone,7208,34,29,,23/10/2020,,Twitter oficial | Ayuntamiento de Cuautitl√°n Izcalli | 2022-2024. https://cuautitlanizcalli.gob.mx/wp-content/uploads/pdf/003_COMUNICACION-SOCIAL.pdf,,,View
19/05/2022 09:16,@GobIzcalli,Gobierno Municipal de Cuautitl√°n Izcalli,"Los invitamos al ""Viernes de Talento con Futuro"", tenemos preparado un evento musical para ti y tu familia. ¬°Los esperamos! #SomosFuturo",1527292063988862980,,https://pbs.twimg.com/media/FTIICOkUcAkrhc_.jpg,,1,1,Twitter for iPhone,7208,34,29,,23/10/2020,,Twitter oficial | Ayuntamiento de Cuautitl√°n Izcalli | 2022-2024. https://cuautitlanizcalli.gob.mx/wp-content/uploads/pdf/003_COMUNICACION-SOCIAL.pdf,,,View
19/05/2022 09:11,@GobIzcalli,Gobierno Municipal de Cuautitl√°n Izcalli,Hoy conmemoramos el D√≠a de las Especies en Peligro de Extinci√≥n. Ten en cuenta las siguientes recomendaciones. Para mayor informaci√≥n comun√≠cate a la Direcci√≥n de Sustentabilidad y Medio Ambiente. #SomosFuturo,1527290817546625024,,https://pbs.twimg.com/media/FTIG5rBWAAA3HhR.jpg,,1,1,Twitter for iPhone,7208,34,29,,23/10/2020,,Twitter oficial | Ayuntamiento de Cuautitl√°n Izcalli | 2022-2024. https://cuautitlanizcalli.gob.mx/wp-content/uploads/pdf/003_COMUNICACION-SOCIAL.pdf,,,View
18/05/2022 22:00,@GobIzcalli,Gobierno Municipal de Cuautitl√°n Izcalli,"Queremos que tu negocio llegue al siguiente nivel, por ello, en coordinaci√≥n con autoridades Estatales, llevamos a cabo la Feria de Emprendimiento con Conexi√≥n Emprendedora 2022. #SomosFuturo",1527122096052133888,,pic.twitter.com/TZ3xzCfW9n,,1,3,Twitter for iPhone,7208,34,29,,23/10/2020,,Twitter oficial | Ayuntamiento de Cuautitl√°n Izcalli | 2022-2024. https://cuautitlanizcalli.gob.mx/wp-content/uploads/pdf/003_COMUNICACION-SOCIAL.pdf,,,View
18/05/2022 20:08,@GobIzcalli,Gobierno Municipal de Cuautitl√°n Izcalli,"A trav√©s del IMJUCI, llevamos a cabo la Firma de Convenio con la Universidad de Ciencias M√©dicas y Administrativas (UCMA) para brindar mejores oportunidades a las y los j√≥venes izcallenses, atendiendo temas en materia de salud mental. #SomosFuturo",1527093895049379840,,https://pbs.twimg.com/media/FTFTzXDXsAAxOO6.jpg,,1,2,Twitter for iPhone,7208,34,29,,23/10/2020,,Twitter oficial | Ayuntamiento de Cuautitl√°n Izcalli | 2022-2024. https://cuautitlanizcalli.gob.mx/wp-content/uploads/pdf/003_COMUNICACION-SOCIAL.pdf,,,View
18/05/2022 17:53,@GobIzcalli,Gobierno Municipal de Cuautitl√°n Izcalli,"A trav√©s de la Direcci√≥n de Servicios P√∫blicos rehabilitamos el cableado el√©ctrico a√©reo de 11 luminarias ubicadas en el estacionamiento de Zona de Bancos, Centro Urbano. #SomosFuturo",1527059851163095041,,https://pbs.twimg.com/media/FTE01pOWYAIj7p2.jpg,,1,3,Twitter for iPhone,7208,34,29,,23/10/2020,,Twitter oficial | Ayuntamiento de Cuautitl√°n Izcalli | 2022-2024. https://cuautitlanizcalli.gob.mx/wp-content/uploads/pdf/003_COMUNICACION-SOCIAL.pdf,,,View
18/05/2022 15:53,@GobIzcalli,Gobierno Municipal de Cuautitl√°n Izcalli,"Elementos de la Comisar√≠a General de Seguridad Ciudadana lograron recuperar un tractocami√≥n con reporte de robo, en el Circuito Exterior Mexiquense a la altura de Recursos Hidr√°ulicos, en el municipio de Tultitl√°n. #SeguridadP√∫blicaIzcalli #IzcalliSeguro RT @SPublicaIzcalli: Durante el Operativo Izcalli Seguro que se realiza de manera permanente en el Municipio, elementos de la Comisar√≠a General de Seguridad Ciudadana recuperaron un Tractocami√≥n el cual acababa de ser robado.",1527029616933851136,https://twitter.com/SPublicaIzcalli/status/1526328798354067456,https://pbs.twimg.com/media/FS6bwM-XEAM9q-P.jpg,,1,3,Twitter for iPhone,7208,34,29,,23/10/2020,,Twitter oficial | Ayuntamiento de Cuautitl√°n Izcalli | 2022-2024. https://cuautitlanizcalli.gob.mx/wp-content/uploads/pdf/003_COMUNICACION-SOCIAL.pdf,,,View
18/05/2022 15:02,@GobIzcalli,Gobierno Municipal de Cuautitl√°n Izcalli,"A trav√©s de la Direcci√≥n de Servicios P√∫blicos, rehabilitamos un circuito el√©ctrico a√©reo para 12 luminarios en gaza de incorporaci√≥n del puente vehicular de la avenida Huehuetoca, a la lateral oriente de la autopista M√©x-Qro, Zona Industrial Xhala.",1527016728424849410,,https://pbs.twimg.com/media/FTENnVJUYAEgm7m.jpg,,1,9,Twitter for iPhone,7208,34,29,,23/10/2020,,Twitter oficial | Ayuntamiento de Cuautitl√°n Izcalli | 2022-2024. https://cuautitlanizcalli.gob.mx/wp-content/uploads/pdf/003_COMUNICACION-SOCIAL.pdf,,,View
18/05/2022 13:47,@GobIzcalli,Gobierno Municipal de Cuautitl√°n Izcalli,"En coordinaci√≥n con la SEDECO, a trav√©s del IME, llevamos a cabo la Feria de Emprendimiento con Conexi√≥n Emprendedora 2022, para brindar herramientas y espacios para que las y los emprendedores comercialicen sus productos. #SomosFuturo",1526997861296386048,,https://pbs.twimg.com/media/FTD8dWHUAAE0hXz.jpg,,1,2,Twitter for iPhone,7208,34,29,,23/10/2020,,Twitter oficial | Ayuntamiento de Cuautitl√°n Izcalli | 2022-2024. https://cuautitlanizcalli.gob.mx/wp-content/uploads/pdf/003_COMUNICACION-SOCIAL.pdf,,,View
18/05/2022 11:25,@GobIzcalli,Gobierno Municipal de Cuautitl√°n Izcalli,"Ven a disfrutar el ""Viernes de Talento con Futuro"", este 20 de mayo en la Concha Ac√∫stica. Disfruta la presentaci√≥n de nuestros artistas invitados. #SomosFuturo",1526962275554304003,,https://pbs.twimg.com/media/FTDcF5qWYAIdHsW.jpg,,1,1,Twitter for iPhone,7208,34,29,,23/10/2020,,Twitter oficial | Ayuntamiento de Cuautitl√°n Izcalli | 2022-2024. https://cuautitlanizcalli.gob.mx/wp-content/uploads/pdf/003_COMUNICACION-SOCIAL.pdf,,,View
17/05/2022 22:00,@GobIzcalli,Gobierno Municipal de Cuautitl√°n Izcalli,Seguimos con nuestro compromiso de brindarte vialidades √≥ptimas y de primer nivel. Realizamos trabajos de bacheo en avenida 1 de Mayo. #SomosFuturo,1526759480884707328,,https://pbs.twimg.com/media/FS_uvWnWQAA_NvP.jpg,,1,1,TweetDeck,7208,34,29,,23/10/2020,,Twitter oficial | Ayuntamiento de Cuautitl√°n Izcalli | 2022-2024. https://cuautitlanizcalli.gob.mx/wp-content/uploads/pdf/003_COMUNICACION-SOCIAL.pdf,,,View
17/05/2022 20:30,@GobIzcalli,Gobierno Municipal de Cuautitl√°n Izcalli,"En conjunto con el Instituto Mexiquense del Emprendimiento, los invitamos a la Feria de Emprendimiento Conexi√≥n Emprendedora. Link de registro:  #SomosFuturo",1526736829474480131,https://forms.gle/spsj7se9Mr8SWXWV9,https://pbs.twimg.com/media/FS-01V5X0AMwi1s.jpg,,1,1,TweetDeck,7208,34,29,,23/10/2020,,Twitter oficial | Ayuntamiento de Cuautitl√°n Izcalli | 2022-2024. https://cuautitlanizcalli.gob.mx/wp-content/uploads/pdf/003_COMUNICACION-SOCIAL.pdf,,,View
17/05/2022 20:03,@GobIzcalli,Gobierno Municipal de Cuautitl√°n Izcalli,"Deseamos el mejor de los √©xitos a los chicos de deporte adaptado de Cuautitl√°n Izcalli, quienes se encuentran esperando su clasificaci√≥n del ""DESERT CHALLENGER ARIZONA 2022"". Sin duda, son orgulloso izcallense. #SomosFuturo RT @INMUDECI_22: Amigas y amigos izcallenses, dese√°ndoles excelente tarde de martes. Enviamos los mejores deseos a los chicos de deporte adaptado de Cuautitl√°n Izcalli, que en estos momentos se encuentran en espera de la clasificaci√≥n del ‚ÄúDESERT CHALLENGER ARIZONA 2022‚Äù . #SomosFuturo",1526730049025622016,https://twitter.com/INMUDECI_22/status/1526673448193474563,https://pbs.twimg.com/media/FS_VZ3BVEAAiVWQ.jpg,,2,4,Twitter for iPhone,7208,34,29,,23/10/2020,,Twitter oficial | Ayuntamiento de Cuautitl√°n Izcalli | 2022-2024. https://cuautitlanizcalli.gob.mx/wp-content/uploads/pdf/003_COMUNICACION-SOCIAL.pdf,,,View
17/05/2022 19:00,@GobIzcalli,Gobierno Municipal de Cuautitl√°n Izcalli,A trav√©s de la Comisar√≠a General de Seguridad Ciudadana trabajamos de manera constante por tu bienestar vial. #SomosFuturo,1526714185333329921,,pic.twitter.com/5g7YIEv9h6,,1,2,TweetDeck,7208,34,29,,23/10/2020,,Twitter oficial | Ayuntamiento de Cuautitl√°n Izcalli | 2022-2024. https://cuautitlanizcalli.gob.mx/wp-content/uploads/pdf/003_COMUNICACION-SOCIAL.pdf,,,View
17/05/2022 16:00,@GobIzcalli,Gobierno Municipal de Cuautitl√°n Izcalli,"Asiste este 20 de mayo a la Feria de Promoci√≥n educativa que se llevar√° a cabo en el auditorio Enrique B√°tiz, a partir de las 9:00 am. ¬°Te esperamos! #SomosFuturo",1526668885818236928,,https://pbs.twimg.com/media/FS-1xgJXwAcNBC8.jpg,,1,2,TweetDeck,7208,34,29,,23/10/2020,,Twitter oficial | Ayuntamiento de Cuautitl√°n Izcalli | 2022-2024. https://cuautitlanizcalli.gob.mx/wp-content/uploads/pdf/003_COMUNICACION-SOCIAL.pdf,,,View
17/05/2022 15:51,@GobIzcalli,Gobierno Municipal de Cuautitl√°n Izcalli,"La ma√±ana de hoy se llevo a cabo la Reuni√≥n del Consejo Intermunicipal De Seguridad P√∫blica del Valle de M√©xico, con el fin de abordar estrategias concisas en materia de seguridad entre los principales municipios de la zona norte del Estado de M√©xico. #SomosFuturo",1526666669942353920,,https://pbs.twimg.com/media/FS_PPjmX0AQiHCK.jpg,,1,1,Twitter for iPhone,7208,34,29,,23/10/2020,,Twitter oficial | Ayuntamiento de Cuautitl√°n Izcalli | 2022-2024. https://cuautitlanizcalli.gob.mx/wp-content/uploads/pdf/003_COMUNICACION-SOCIAL.pdf,,,View
17/05/2022 11:41,@GobIzcalli,Gobierno Municipal de Cuautitl√°n Izcalli,Se reporta baja afluencia para la Vacunaci√≥n contra COVID-19 a j√≥venes izcallenses. Recuerda que se estar√° aplicando: 1ra. Dosis de 12 a 13 a√±os. 2da. Dosis de 15 a 17 a√±os. 3era. Dosis de 12 a 17 a√±os con comorbilidades y menores de 18 a√±os con 9 semanas o m√°s de embarazo.,1526603872411832320,,https://pbs.twimg.com/media/FS-WH4OXsAAgPn5.jpg,,3,6,Twitter for iPhone,7208,34,29,,23/10/2020,,Twitter oficial | Ayuntamiento de Cuautitl√°n Izcalli | 2022-2024. https://cuautitlanizcalli.gob.mx/wp-content/uploads/pdf/003_COMUNICACION-SOCIAL.pdf,,,View
17/05/2022 11:30,@GobIzcalli,Gobierno Municipal de Cuautitl√°n Izcalli,Iluminamos tu regreso a casa. Cuadrillas de la Direcci√≥n de Servicios P√∫blicos realizaron la revisi√≥n y reparaci√≥n de luminarias en la colonia Ejidal San Isidro. Juntos por el Izcalli que mereces. #SomosFuturo.,1526600937330057217,,https://pbs.twimg.com/media/FS-KE5nXoAUF5Fm.jpg,,1,2,TweetDeck,7208,34,29,,23/10/2020,,Twitter oficial | Ayuntamiento de Cuautitl√°n Izcalli | 2022-2024. https://cuautitlanizcalli.gob.mx/wp-content/uploads/pdf/003_COMUNICACION-SOCIAL.pdf,,,View
17/05/2022 10:41,@GobIzcalli,Gobierno Municipal de Cuautitl√°n Izcalli,Inicia el segundo d√≠a de la Jornada Nacional de Vacunaci√≥n contra COVID-19. Los esperamos en el auditorio Enrique B√°tiz hasta las 4:00 pm. #Vac√∫nateIzcalli #VacunarseEst√°Chido,1526588703484874753,,https://pbs.twimg.com/media/FS-IVDUWAAEIF4k.jpg,,2,9,Twitter for iPhone,7208,34,29,,23/10/2020,,Twitter oficial | Ayuntamiento de Cuautitl√°n Izcalli | 2022-2024. https://cuautitlanizcalli.gob.mx/wp-content/uploads/pdf/003_COMUNICACION-SOCIAL.pdf,,,View
17/05/2022 08:45,@GobIzcalli,Gobierno Municipal de Cuautitl√°n Izcalli,Hoy conmemoramos el D√≠a Mundial del Reciclaje. Conoce los m√≥dulos Reciclaje ubicados en el municipio y ay√∫danos a cuidar el medio ambiente. #SomosFuturo,1526559628053532672,,https://pbs.twimg.com/media/FS9t4n4WUAAoTLd.jpg,,1,1,Twitter for iPhone,7208,34,29,,23/10/2020,,Twitter oficial | Ayuntamiento de Cuautitl√°n Izcalli | 2022-2024. https://cuautitlanizcalli.gob.mx/wp-content/uploads/pdf/003_COMUNICACION-SOCIAL.pdf,,,View
16/05/2022 22:00,@GobIzcalli,Gobierno Municipal de Cuautitl√°n Izcalli,"Ha concluido el primer d√≠a de la Jornada Nacional de Vacunaci√≥n contra COVID-19 a los j√≥venes izcallenses. No bajemos la guardia, aun con la dosis, debemos seguir cuid√°ndonos. #Vac√∫nateIzcalli #VacunarseEst√°Chido",1526397092301881344,,pic.twitter.com/BYpBjTwbuZ,,1,1,TweetDeck,7208,34,29,,23/10/2020,,Twitter oficial | Ayuntamiento de Cuautitl√°n Izcalli | 2022-2024. https://cuautitlanizcalli.gob.mx/wp-content/uploads/pdf/003_COMUNICACION-SOCIAL.pdf,,,View
16/05/2022 21:52,@GobIzcalli,Gobierno Municipal de Cuautitl√°n Izcalli,Primera sesi√≥n ordinaria del Consejo Municipal de Protecci√≥n Civil e integraci√≥n del Comit√© Municipal de Emergencias. #SomosFuturo,1526395088204709888,,https://pbs.twimg.com/media/FS7YPbPXwAM9n9B.jpg,,1,2,Twitter for iPhone,7208,34,29,,23/10/2020,,Twitter oficial | Ayuntamiento de Cuautitl√°n Izcalli | 2022-2024. https://cuautitlanizcalli.gob.mx/wp-content/uploads/pdf/003_COMUNICACION-SOCIAL.pdf,,,View
16/05/2022 21:06,@GobIzcalli,Gobierno Municipal de Cuautitl√°n Izcalli,Cuadrillas de la Direcci√≥n de Servicios P√∫blicos realizaron trabajos de barrido y perfilado en la Carretera Cuautitl√°n ‚Äì Teoloyucan. Nuestra prioridad es tener espacios dignos y seguros para nuestra ciudadan√≠a. #SomosFuturo.,1526383607647834112,,https://pbs.twimg.com/media/FS7NyzNX0AYQs3G.jpg,,1,4,Twitter for iPhone,7208,34,29,,23/10/2020,,Twitter oficial | Ayuntamiento de Cuautitl√°n Izcalli | 2022-2024. https://cuautitlanizcalli.gob.mx/wp-content/uploads/pdf/003_COMUNICACION-SOCIAL.pdf,,,View
16/05/2022 18:28,@GobIzcalli,Gobierno Municipal de Cuautitl√°n Izcalli,Hemos finalizado el primer de la Jornada Nacional de Vacunaci√≥n para j√≥venes izcallenses. Los esperamos ma√±ana en el auditorio Enrique B√°tiz a partir de las 9:00 am. #SomosFuturo,1526343771016728576,,https://pbs.twimg.com/media/FS6pkUIUUAA66x4.jpg,,1,4,Twitter for iPhone,7208,34,29,,23/10/2020,,Twitter oficial | Ayuntamiento de Cuautitl√°n Izcalli | 2022-2024. https://cuautitlanizcalli.gob.mx/wp-content/uploads/pdf/003_COMUNICACION-SOCIAL.pdf,,,View
16/05/2022 17:31,@GobIzcalli,Gobierno Municipal de Cuautitl√°n Izcalli,"Ven a jugar con nosotros en la ""Tarde de Retas"", este 29 de mayo en las Canchas del fraccionamiento La Piedad. ¬°No faltes! #SomosFuturos",1526329628863905792,,https://pbs.twimg.com/media/FS6cmn6WQAMKbCT.jpg,,1,2,TweetDeck,7208,34,29,,23/10/2020,,Twitter oficial | Ayuntamiento de Cuautitl√°n Izcalli | 2022-2024. https://cuautitlanizcalli.gob.mx/wp-content/uploads/pdf/003_COMUNICACION-SOCIAL.pdf,,,View
16/05/2022 13:01,@GobIzcalli,Gobierno Municipal de Cuautitl√°n Izcalli,"A fin de mejorar las vialidades y brindarte entornos seguros, realizamos trabajos de bacheo en la avenida 1 de Mayo. #PorUnFuturoSinBaches #SomosFuturo",1526261560494239745,,https://pbs.twimg.com/media/FS5eywPXEAAcmDt.jpg,,1,7,Twitter for iPhone,7208,34,29,,23/10/2020,,Twitter oficial | Ayuntamiento de Cuautitl√°n Izcalli | 2022-2024. https://cuautitlanizcalli.gob.mx/wp-content/uploads/pdf/003_COMUNICACION-SOCIAL.pdf,,,View
16/05/2022 12:08,@GobIzcalli,Gobierno Municipal de Cuautitl√°n Izcalli,"Atenci√≥n vecinas emprendedoras, las invitamos al curso de capacitaci√≥n ""Buscadoras de Empleo"", que se llevar√° a cabo este 19 y 26 de mayo en el Auditorio Lirios. ¬°Las esperamos! #SomosFuturo",1526248278639132675,,https://pbs.twimg.com/media/FS5St_YWIAEGSAl.jpg,,1,3,Twitter for iPhone,7208,34,29,,23/10/2020,,Twitter oficial | Ayuntamiento de Cuautitl√°n Izcalli | 2022-2024. https://cuautitlanizcalli.gob.mx/wp-content/uploads/pdf/003_COMUNICACION-SOCIAL.pdf,,,View
16/05/2022 11:14,@GobIzcalli,Gobierno Municipal de Cuautitl√°n Izcalli,Da inicio la Jornada Nacional de Vacunaci√≥n contra COVID-19 en el auditorio Enrique B√°tiz. Recuerda traer tu formato de vacunaci√≥n. Desc√°rgalo en:  #Vac√∫nateIzcalli #VacunarseEst√°Chido,1526234574325432321,https://mivacuna.salud.gob.mx/index.php,https://pbs.twimg.com/media/FS5GQJKXwAEpz6R.jpg,,3,10,Twitter for iPhone,7208,34,29,,23/10/2020,,Twitter oficial | Ayuntamiento de Cuautitl√°n Izcalli | 2022-2024. https://cuautitlanizcalli.gob.mx/wp-content/uploads/pdf/003_COMUNICACION-SOCIAL.pdf,,,View
16/05/2022 08:11,@GobIzcalli,Gobierno Municipal de Cuautitl√°n Izcalli,Elementos de Protecci√≥n Civil y Bomberos trabajaron esta madrugada en el sofoco de un incendio registrado en la Zona Industrial Cuamatla. En este momento Av. Transformaci√≥n se encuentra totalmente cerrada de manera precautoria. #SomosFuturo.,1526188640786849792,,https://pbs.twimg.com/media/FS4cehYWIAAeXhy.jpg,,6,7,Twitter for iPhone,7208,34,29,,23/10/2020,,Twitter oficial | Ayuntamiento de Cuautitl√°n Izcalli | 2022-2024. https://cuautitlanizcalli.gob.mx/wp-content/uploads/pdf/003_COMUNICACION-SOCIAL.pdf,,,View
15/05/2022 17:30,@GobIzcalli,Gobierno Municipal de Cuautitl√°n Izcalli,"#AvisoImportante Solicitamos su colaboraci√≥n para localizar a Arturo David Hern√°ndez Balderas de 26 a√±os de edad, fue visto por √∫ltima vez en la colonia San Pablo los Gallos. Cualquier informaci√≥n favor de comunicarse al: 800-89-029-40. üìû #SomosFuturo RT @SPublicaIzcalli: Solicitamos su ayuda para localizar a Arturo David Hern√°ndez Balderas de 26 a√±os, fue visto por √∫ltima vez en la Colonia San Pablo los Gallos, Cuautitl√°n Izcalli. Si tiene informaci√≥n que ayude a dar con su paradero, comunicarse a la C√©lula de B√∫squeda Tel: 55-59-14-26-02",1525966974916136960,https://twitter.com/SPublicaIzcalli/status/1525567526830325760,https://pbs.twimg.com/media/FSvnlDcWUAAzpgj.jpg,,6,1,Twitter for iPhone,7208,34,29,,23/10/2020,,Twitter oficial | Ayuntamiento de Cuautitl√°n Izcalli | 2022-2024. https://cuautitlanizcalli.gob.mx/wp-content/uploads/pdf/003_COMUNICACION-SOCIAL.pdf,,,View
15/05/2022 13:17,@GobIzcalli,Gobierno Municipal de Cuautitl√°n Izcalli,Reconocemos la gran labor de formar a los profesionistas del ma√±ana. Felicitamos a las y los docentes en este D√≠a de la Maestra y el Maestro. Gracias por todas sus ense√±anzas. #SomosFuturo,1525903116260057088,,https://pbs.twimg.com/media/FS0Yy7UUAAAuRoU.jpg,,0,1,Twitter for iPhone,7208,34,29,,23/10/2020,,Twitter oficial | Ayuntamiento de Cuautitl√°n Izcalli | 2022-2024. https://cuautitlanizcalli.gob.mx/wp-content/uploads/pdf/003_COMUNICACION-SOCIAL.pdf,,,View
15/05/2022 13:06,@GobIzcalli,Gobierno Municipal de Cuautitl√°n Izcalli,"Se realiz√≥ un homenaje p√≥stumo al ingeniero Abel Miguel Palma Mondrag√≥n, fundador del Grupo Educativo Palma, donde fue presentada su vida y trayectoria. Reconocemos el gran legado que Grupo Educativo Palma ha sembrado a lo largo de generaciones. #SomosFuturo",1525900564227317760,,https://pbs.twimg.com/media/FS0WeTLX0AAH30w.jpg,,1,1,Twitter for iPhone,7208,34,29,,23/10/2020,,Twitter oficial | Ayuntamiento de Cuautitl√°n Izcalli | 2022-2024. https://cuautitlanizcalli.gob.mx/wp-content/uploads/pdf/003_COMUNICACION-SOCIAL.pdf,,,View